ID,Protein_type,Protein_class_type,kP,MW,PI_mean,PI_range,Protein_conc,Temperature,Buffer_type,Buffer_pH,Buffer_conc,Salt_type,Salt_conc,Stabilizer_type,Stabilizer_conc,Surfactant_type,Surfactant_conc,Excipient_type,Excipient_conc,C_Class,HCI,Viscosity_100,Viscosity_1000,Viscosity_10000,Viscosity_100000,Viscosity_15000000
F1,poly-hIgG,polyclonal,3.0,150.0,7.6,1.0,145.0,27.5,PBS,7.4,10,NaCl,140,Sucrose,1.0,none,0.0,none,0,0.9,0.9,12.5,11.5,9.8,8.8,6.92
F3,poly-hIgG,polyclonal,3.0,150.0,7.6,1.0,140.0,27.5,PBS,7.4,10,NaCl,140,none,0.0,none,0.0,none,0,0.9,0.9,4.0,4.0,4.0,3.5,2.41
F5,poly-hIgG,polyclonal,3.0,150.0,7.6,1.0,142.0,27.5,PBS,7.4,10,NaCl,140,Sucrose,0.5,none,0.0,none,0,0.9,0.9,7.23,7.23,7.23,6.5,4.6
F6,poly-hIgG,polyclonal,3.0,150.0,7.6,1.0,70.0,27.5,PBS,7.4,10,NaCl,140,Sucrose,1.0,none,0.0,none,0,0.9,0.9,7.69,7.69,7.69,6.6,4.16
F7,poly-hIgG,polyclonal,3.0,150.0,7.6,1.0,93.0,27.5,PBS,7.4,10,NaCl,140,none,0.0,none,0.0,none,0,0.9,0.9,2.12,2.12,2.12,2.12,2.0
F8,poly-hIgG,polyclonal,3.0,150.0,7.6,1.0,47.0,27.5,PBS,7.4,10,NaCl,140,none,0.0,none,0.0,none,0,0.9,0.9,1.6,1.6,1.6,1.6,1.2
F9,poly-hIgG,polyclonal,3.0,150.0,7.6,1.0,140.0,27.5,PBS,7.4,10,NaCl,140,Sucrose,0.25,none,0.0,none,0,0.9,0.9,5.35,4.65,4.65,4.4,3.26
F10,poly-hIgG,polyclonal,3.0,150.0,7.6,1.0,52.0,27.5,PBS,7.4,10,NaCl,140,Sucrose,0.75,none,0.0,none,0,0.9,0.9,3.1,3.1,2.9,2.75,2.58
F11,poly-hIgG,polyclonal,3.0,150.0,7.6,1.0,145.0,27.5,PBS,7.4,10,NaCl,140,Sucrose,1.0,none,0.0,none,0,0.9,0.9,12.8,12.6,12.6,11.0,6.92
F12,poly-hIgG,polyclonal,3.0,150.0,7.6,1.0,137.0,27.5,PBS,7.4,10,NaCl,140,none,0.0,tween-20,0.1,none,0,0.9,0.9,3.6,3.6,3.6,3.0,2.25
F13,poly-hIgG,polyclonal,3.0,150.0,7.6,1.0,142.0,27.5,PBS,7.4,10,NaCl,140,Sucrose,1.0,tween-20,0.1,none,0,0.9,0.9,15.0,15.0,15.0,14.0,13.0
F19,poly-hIgG,polyclonal,3.0,150.0,7.6,1.0,260.0,27.5,PBS,7.4,10,NaCl,140,none,0.0,none,0.0,none,0,0.9,0.9,23.5,21.0,19.0,14.0,6.5
F20,poly-hIgG,polyclonal,3.0,150.0,7.6,1.0,240.0,27.5,PBS,7.4,10,NaCl,140,Sucrose,1.0,none,0.0,none,0,0.9,0.9,66.6,49.0,33.0,28.0,18.0
F21,BSA,other,2.0,66.0,4.7,0.3,185.0,27.5,PBS,7.4,10,NaCl,140,Sucrose,0.41,none,0.0,none,0,0.85,0.9,7.9,7.9,7.5,6.6,3.58
F22,BSA,other,2.0,66.0,4.7,0.3,83.3,27.5,PBS,7.4,10,NaCl,140,Sucrose,0.19,none,0.0,none,0,0.85,0.9,1.9,1.9,1.9,1.9,1.56
F23,poly-hIgG,polyclonal,3.0,150.0,7.6,1.0,38.3,27.5,PBS,7.4,10,NaCl,140,none,0.0,tween-20,0.21,none,0,0.9,0.9,1.15,1.15,1.15,1.15,1.15
F24,poly-hIgG,polyclonal,3.0,150.0,7.6,1.0,124.0,27.5,PBS,7.4,10,NaCl,140,none,0.0,tween-20,0.09,none,0,0.9,0.9,2.6,2.6,2.6,2.6,2.6
F25,poly-hIgG,polyclonal,3.0,150.0,7.6,1.0,189.0,27.5,PBS,7.4,10,NaCl,140,none,0.0,tween-20,0.05,none,0,0.9,0.9,8.0,8.0,8.0,6.5,4.17
F26,poly-hIgG,polyclonal,3.0,150.0,7.6,1.0,95.0,27.5,PBS,7.4,10,NaCl,140,Sucrose,0.46,none,0.0,none,0,0.9,0.9,3.8,3.35,3.35,3.0,2.24
F27,poly-hIgG,polyclonal,3.0,150.0,7.6,1.0,164.0,27.5,PBS,7.4,10,NaCl,140,Sucrose,0.3,tween-20,0.1,none,0,0.9,0.9,6.8,6.0,5.8,4.9,4.0
F28,BSA,other,2.0,66.0,4.7,0.3,177.0,27.5,PBS,7.4,10,NaCl,140,none,0.0,none,0.0,none,0,0.85,0.9,4.4,4.0,4.0,3.8,3.0
F49,BGG,polyclonal,3.0,150.0,6.6,1.0,85.0,27.5,PBS,7.4,10,NaCl,140,Sucrose,0.22,none,0.0,none,0,0.9,0.9,3.0,3.0,3.0,3.0,2.95
F50,BGG,polyclonal,3.0,150.0,6.6,1.0,43.6,27.5,PBS,7.4,10,NaCl,140,none,0.0,tween-80,0.15,none,0,0.9,0.9,1.35,1.35,1.35,1.35,1.3
F51,BGG,polyclonal,3.0,150.0,6.6,1.0,64.0,27.5,PBS,7.4,10,NaCl,140,Sucrose,0.704,tween-80,0.037,none,0,0.9,0.9,3.15,3.15,3.15,3.15,3.15
F52,BGG,polyclonal,3.0,150.0,6.6,1.0,85.7,27.5,PBS,7.4,10,NaCl,140,none,0.0,tween-20,0.0624,none,0,0.9,0.9,2.38,2.38,2.38,2.3,2.0
F53,poly-hIgG,polyclonal,3.0,150.0,7.6,1.0,86.4,27.5,PBS,7.4,10,NaCl,140,none,0.0,tween-80,0.003,none,0,0.9,0.9,2.2,2.2,2.2,2.0,1.75
F54,poly-hIgG,polyclonal,3.0,150.0,7.6,1.0,141.0,27.5,PBS,7.4,10,NaCl,140,none,0.0,tween-80,0.1067,none,0,0.9,0.9,5.1,3.15,3.1,3.05,2.75
F55,poly-hIgG,polyclonal,3.0,150.0,7.6,1.0,75.0,27.5,PBS,7.4,10,NaCl,140,Sucrose,0.28,tween-20,0.228,none,0,0.9,0.9,2.5,2.18,2.0,1.9,1.73
F56,BSA,other,2.0,66.0,4.7,0.3,132.0,27.5,PBS,7.4,10,NaCl,140,Sucrose,0.46,tween-20,0.123,none,0,0.85,0.9,3.05,3.05,3.05,3.05,3.05
F57,BSA,other,2.0,66.0,4.7,0.3,83.0,27.5,PBS,7.4,10,NaCl,140,none,0.0,tween-20,0.218,none,0,0.85,0.9,1.95,1.93,1.6,1.55,1.47
F58,poly-hIgG,polyclonal,3.0,150.0,7.6,1.0,51.7,27.5,Histidine,6.0,100,NaCl,140,Sucrose,1.01,none,0.0,none,0,0.9,0.9,5.5,5.5,5.5,5.5,5.5
F59,poly-hIgG,polyclonal,3.0,150.0,7.6,1.0,118.7,27.5,Histidine,6.0,100,NaCl,140,Sucrose,0.53,none,0.0,none,0,0.9,0.9,5.5,4.5,4.4,4.2,3.88
F84,BSA,other,2.0,66.0,4.7,0.3,145.0,27.5,PBS,7.4,10,NaCl,140,Trehalose,1.0,none,0.0,none,0,0.85,0.9,9.0,9.0,9.0,9.0,9.0
F85,BGG,polyclonal,3.0,150.0,6.6,1.0,163.0,27.5,PBS,7.4,10,NaCl,140,Trehalose,1.0,none,0.0,none,0,0.9,0.9,15.7,15.7,13.0,11.3,9.5
F86,poly-hIgG,polyclonal,3.0,150.0,7.6,1.0,166.0,27.5,PBS,7.4,10,NaCl,140,Trehalose,1.0,none,0.0,none,0,0.9,0.9,16.6,16.6,16.6,15.2,9.3
F87,BSA,other,2.0,66.0,4.7,0.3,65.0,27.5,PBS,7.4,10,NaCl,140,Trehalose,1.0,none,0.0,none,0,0.85,0.9,4.3,4.3,4.3,4.3,4.3
F88,BGG,polyclonal,3.0,150.0,6.6,1.0,77.0,27.5,PBS,7.4,10,NaCl,140,Trehalose,1.0,none,0.0,none,0,0.9,0.9,5.0,5.0,5.0,5.0,5.0
F89,poly-hIgG,polyclonal,3.0,150.0,7.6,1.0,72.0,27.5,PBS,7.4,10,NaCl,140,Trehalose,1.0,none,0.0,none,0,0.9,0.9,5.1,4.4,4.4,4.4,4.4
F90,BGG,polyclonal,3.0,150.0,6.6,1.0,66.0,27.5,PBS,7.4,10,NaCl,140,Trehalose,0.47,none,0.0,none,0,0.9,0.9,2.1,2.1,2.1,2.1,2.1
F91,BSA,other,2.0,66.0,4.7,0.3,67.0,27.5,PBS,7.4,10,NaCl,140,Trehalose,0.466,none,0.0,none,0,0.85,0.9,2.4,2.3,2.1,2.1,2.0
F92,poly-hIgG,polyclonal,3.0,150.0,7.6,1.0,68.0,27.5,PBS,7.4,10,NaCl,140,Trehalose,0.447,none,0.0,none,0,0.9,0.9,3.0,2.5,2.36,2.36,2.3
F93,BGG,polyclonal,3.0,150.0,6.6,1.0,152.0,27.5,Histidine,6.0,100,NaCl,140,none,0.0,none,0.0,none,0,0.9,0.9,4.1,4.1,4.1,3.82,2.7
F94,BGG,polyclonal,3.0,150.0,6.6,1.0,87.0,27.5,Histidine,6.0,100,NaCl,140,none,0.0,none,0.0,none,0,0.9,0.9,2.5,2.5,2.5,2.3,1.8
F95,BGG,polyclonal,3.0,150.0,6.6,1.0,66.0,27.5,Histidine,6.0,100,NaCl,140,none,0.0,none,0.0,none,0,0.9,0.9,1.67,1.67,1.67,1.67,1.67
F96,BGG,polyclonal,3.0,150.0,6.6,1.0,57.0,27.5,Histidine,6.0,100,NaCl,140,none,0.0,none,0.0,none,0,0.9,0.9,1.4,1.4,1.4,1.4,1.4
F97,BGG,polyclonal,3.0,150.0,6.6,1.0,165.0,27.5,Histidine,6.0,100,NaCl,140,none,0.0,none,0.0,none,0,0.9,0.9,7.0,6.3,6.0,5.27,4.25
F98,poly-hIgG,polyclonal,3.0,150.0,7.6,1.0,144.0,27.5,Histidine,6.0,100,NaCl,140,none,0.0,none,0.0,none,0,0.9,0.9,5.5,5.2,5.2,4.8,3.7
F99,poly-hIgG,polyclonal,3.0,150.0,7.6,1.0,94.0,27.5,Histidine,6.0,100,NaCl,140,none,0.0,none,0.0,none,0,0.9,0.9,2.49,2.49,2.49,2.36,1.68
F100,poly-hIgG,polyclonal,3.0,150.0,7.6,1.0,66.0,27.5,Histidine,6.0,100,NaCl,140,none,0.0,none,0.0,none,0,0.9,0.9,1.4,1.4,1.4,1.4,1.4
F101,poly-hIgG,polyclonal,3.0,150.0,7.6,1.0,45.0,27.5,Histidine,6.0,100,NaCl,140,none,0.0,none,0.0,none,0,0.9,0.9,1.15,1.15,1.15,1.15,1.15
F102,poly-hIgG,polyclonal,3.0,150.0,7.6,1.0,165.0,27.5,Histidine,6.0,100,NaCl,140,none,0.0,none,0.0,none,0,0.9,0.9,6.4,6.4,6.4,6.0,4.18
F103,BGG,polyclonal,3.0,150.0,6.6,1.0,95.85,27.5,Histidine,6.0,100,NaCl,140,none,0.0,tween-20,0.1,none,0,0.9,0.9,3.79,3.79,3.51,3.15,2.8
F104,BGG,polyclonal,3.0,150.0,6.6,1.0,150.8,27.5,Histidine,6.0,100,NaCl,140,none,0.0,tween-80,0.25,none,0,0.9,0.9,5.43,6.23,6.23,5.43,3.85
F105,BGG,polyclonal,3.0,150.0,6.6,1.0,44.0,27.5,Histidine,6.0,100,NaCl,140,Sucrose,0.25,tween-20,0.15,none,0,0.9,0.9,1.76,1.76,1.76,1.76,1.76
F106,BGG,polyclonal,3.0,150.0,6.6,1.0,71.5,27.5,Histidine,6.0,100,NaCl,140,Sucrose,0.75,tween-80,0.2,none,0,0.9,0.9,4.55,4.55,4.55,4.18,4.18
F107,poly-hIgG,polyclonal,3.0,150.0,7.6,1.0,135.0,27.5,Histidine,6.0,100,NaCl,140,none,0.0,tween-20,0.2,none,0,0.9,0.9,3.19,3.19,3.19,2.96,2.96
F108,poly-hIgG,polyclonal,3.0,150.0,7.6,1.0,174.0,27.5,Histidine,6.0,100,NaCl,140,none,0.0,tween-80,0.1,none,0,0.9,0.9,5.99,5.99,5.99,5.03,4.82
F109,poly-hIgG,polyclonal,3.0,150.0,7.6,1.0,89.0,27.5,Histidine,6.0,100,NaCl,140,Sucrose,0.5,tween-20,0.05,none,0,0.9,0.9,3.43,3.67,3.75,3.64,3.64
F110,poly-hIgG,polyclonal,3.0,150.0,7.6,1.0,63.0,27.5,Histidine,6.0,100,NaCl,140,Sucrose,1.0,tween-80,0.15,none,0,0.9,0.9,5.43,5.43,5.43,5.43,5.43
F111,poly-hIgG,polyclonal,3.0,150.0,7.6,1.0,202.0,27.5,Histidine,6.0,100,NaCl,140,none,0.0,tween-20,0.02,none,0,0.9,0.9,10.94,10.7,10.7,7.75,5.04
F112,poly-hIgG,polyclonal,3.0,150.0,7.6,1.0,202.0,27.5,Histidine,6.0,100,NaCl,140,none,0.0,tween-80,0.02,none,0,0.9,0.9,10.14,8.95,8.95,7.11,6.33
F113,poly-hIgG,polyclonal,3.0,150.0,7.6,1.0,211.0,27.5,PBS,7.4,10,NaCl,140,none,0.0,tween-20,0.02,none,0,0.9,0.9,11.9,11.1,9.82,7.19,6.0
F114,poly-hIgG,polyclonal,3.0,150.0,7.6,1.0,211.0,27.5,PBS,7.4,10,NaCl,140,none,0.0,tween-80,0.02,none,0,0.9,0.9,11.02,11.02,11.02,7.35,6.0
F115,BSA,other,2.0,66.0,4.7,0.3,98.0,27.5,Histidine,6.0,100,NaCl,140,none,0.0,none,0.0,none,0,0.85,0.9,1.24,1.24,1.24,1.24,1.24
F116,BSA,other,2.0,66.0,4.7,0.3,127.0,27.5,Histidine,6.0,100,NaCl,140,none,0.0,none,0.0,none,0,0.85,0.9,2.4,2.0,2.0,1.92,1.92
F117,BSA,other,2.0,66.0,4.7,0.3,194.0,27.5,Histidine,6.0,100,NaCl,140,none,0.0,none,0.0,none,0,0.85,0.9,3.33,3.33,3.33,3.04,2.5
F118,BSA,other,2.0,66.0,4.7,0.3,266.0,27.5,Histidine,6.0,100,NaCl,140,none,0.0,none,0.0,none,0,0.85,0.9,10.74,6.95,6.95,5.99,5.5
F119,BSA,other,2.0,66.0,4.7,0.3,72.0,27.5,PBS,7.4,10,NaCl,140,none,0.0,none,0.0,none,0,0.85,0.9,1.52,1.46,1.4,1.36,1.36
F120,BSA,other,2.0,66.0,4.7,0.3,131.0,27.5,PBS,7.4,10,NaCl,140,none,0.0,none,0.0,none,0,0.85,0.9,2.96,2.4,2.0,1.76,1.7
F121,BSA,other,2.0,66.0,4.7,0.3,183.0,27.5,PBS,7.4,10,NaCl,140,none,0.0,none,0.0,none,0,0.85,0.9,3.27,3.09,2.8,2.4,2.0
F122,BSA,other,2.0,66.0,4.7,0.3,265.0,27.5,PBS,7.4,10,NaCl,140,none,0.0,none,0.0,none,0,0.85,0.9,5.99,5.99,5.83,5.19,4.4
F123,BSA,other,2.0,66.0,4.7,0.3,193.0,27.5,Acetate,5.0,20,NaCl,140,none,0.0,none,0.0,none,0,0.85,0.9,4.63,4.63,4.63,4.39,3.35
F124,BSA,other,2.0,66.0,4.7,0.3,66.0,27.5,Acetate,5.0,20,NaCl,140,none,0.0,none,0.0,none,0,0.85,0.9,1.28,1.28,1.28,1.28,1.28
F125,BSA,other,2.0,66.0,4.7,0.3,110.0,27.5,Acetate,5.0,20,NaCl,140,none,0.0,none,0.0,none,0,0.85,0.9,1.96,1.96,1.96,1.92,1.25
F126,BSA,other,2.0,66.0,4.7,0.3,132.0,27.5,Acetate,5.0,20,NaCl,140,none,0.0,none,0.0,none,0,0.85,0.9,2.4,2.4,2.4,2.4,2.4
F127,poly-hIgG,polyclonal,3.0,150.0,7.6,1.0,213.0,27.5,Acetate,5.0,20,NaCl,140,none,0.0,none,0.0,none,0,0.9,0.9,11.74,10.85,9.58,6.23,4.35
F128,poly-hIgG,polyclonal,3.0,150.0,7.6,1.0,63.0,27.5,Acetate,5.0,20,NaCl,140,none,0.0,none,0.0,none,0,0.9,0.9,1.6,1.6,1.6,1.6,1.6
F129,poly-hIgG,polyclonal,3.0,150.0,7.6,1.0,101.0,27.5,Acetate,5.0,20,NaCl,140,none,0.0,none,0.0,none,0,0.9,0.9,2.12,2.12,2.12,2.04,2.04
F130,poly-hIgG,polyclonal,3.0,150.0,7.6,1.0,167.0,27.5,Acetate,5.0,20,NaCl,140,none,0.0,none,0.0,none,0,0.9,0.9,3.99,3.99,3.99,3.19,2.77
F131,BGG,polyclonal,3.0,150.0,6.6,1.0,203.0,27.5,Acetate,5.0,20,NaCl,140,none,0.0,none,0.0,none,0,0.9,0.9,15.97,13.58,13.18,9.58,4.58
F132,BGG,polyclonal,3.0,150.0,6.6,1.0,79.0,27.5,Acetate,5.0,20,NaCl,140,none,0.0,none,0.0,none,0,0.9,0.9,1.52,1.49,1.44,1.44,1.44
F133,BGG,polyclonal,3.0,150.0,6.6,1.0,108.0,27.5,Acetate,5.0,20,NaCl,140,none,0.0,none,0.0,none,0,0.9,0.9,2.32,2.32,2.32,2.24,2.16
F134,BGG,polyclonal,3.0,150.0,6.6,1.0,163.0,27.5,Acetate,5.0,20,NaCl,140,none,0.0,none,0.0,none,0,0.9,0.9,4.39,4.39,4.39,4.23,4.23
F135,BSA,other,2.0,66.0,4.7,0.3,150.0,27.5,Acetate,5.0,20,NaCl,140,Sucrose,0.51,none,0.0,none,0,0.85,0.9,4.39,4.39,4.39,4.31,4.11
F136,BSA,other,2.0,66.0,4.7,0.3,94.0,27.5,Acetate,5.0,20,NaCl,140,Sucrose,0.978,none,0.0,none,0,0.85,0.9,5.83,5.83,5.83,5.59,5.59
F137,poly-hIgG,polyclonal,3.0,150.0,7.6,1.0,171.0,27.5,Acetate,5.0,20,NaCl,140,Sucrose,0.488,none,0.0,none,0,0.9,0.9,9.54,8.79,8.23,6.23,4.17
F138,poly-hIgG,polyclonal,3.0,150.0,7.6,1.0,111.0,27.5,Acetate,5.0,20,NaCl,140,Sucrose,0.986,none,0.0,none,0,0.9,0.9,9.58,8.79,7.99,6.55,5.75
F139,BGG,polyclonal,3.0,150.0,6.6,1.0,159.0,27.5,Acetate,5.0,20,NaCl,140,Sucrose,0.476,none,0.0,none,0,0.9,0.9,8.39,8.39,8.39,6.39,4.65
F140,BGG,polyclonal,3.0,150.0,6.6,1.0,97.0,27.5,Acetate,5.0,20,NaCl,140,Sucrose,1.0,none,0.0,none,0,0.9,0.9,10.7,8.79,8.79,7.19,6.24
F141,BGG,polyclonal,3.0,150.0,6.6,1.0,181.0,27.5,Acetate,5.0,20,NaCl,140,Sucrose,0.1,none,0.0,none,0,0.9,0.9,13.58,13.58,11.98,8.23,4.14
F142,BGG,polyclonal,3.0,150.0,6.6,1.0,154.0,27.5,Acetate,5.0,20,NaCl,140,Sucrose,0.1,none,0.0,none,0,0.9,0.9,5.59,5.19,5.19,4.39,3.45
F143,BGG,polyclonal,3.0,150.0,6.6,1.0,102.0,27.5,Acetate,5.0,20,NaCl,140,Sucrose,0.1,none,0.0,none,0,0.9,0.9,2.4,2.4,2.4,2.24,2.0
F144,BGG,polyclonal,3.0,150.0,6.6,1.0,75.0,27.5,Acetate,5.0,20,NaCl,140,Sucrose,0.1,none,0.0,none,0,0.9,0.9,1.76,1.76,1.76,1.76,1.76
F145,BSA,other,2.0,66.0,4.7,0.3,183.0,27.5,Acetate,5.0,20,NaCl,140,Sucrose,0.1,none,0.0,none,0,0.85,0.9,3.51,3.51,3.51,3.51,3.51
F146,BSA,other,2.0,66.0,4.7,0.3,125.0,27.5,Acetate,5.0,20,NaCl,140,Sucrose,0.1,none,0.0,none,0,0.85,0.9,2.64,2.64,2.64,2.4,1.5
F147,BSA,other,2.0,66.0,4.7,0.3,105.0,27.5,Acetate,5.0,20,NaCl,140,Sucrose,0.1,none,0.0,none,0,0.85,0.9,2.16,2.16,2.16,1.92,1.5
F148,BSA,other,2.0,66.0,4.7,0.3,63.0,27.5,Acetate,5.0,20,NaCl,140,Sucrose,0.1,none,0.0,none,0,0.85,0.9,1.6,1.6,1.6,1.6,1.3
F149,poly-hIgG,polyclonal,3.0,150.0,7.6,1.0,202.0,27.5,Acetate,5.0,20,NaCl,140,Sucrose,0.1,none,0.0,none,0,0.9,0.9,7.99,7.99,7.99,5.59,3.4
F150,poly-hIgG,polyclonal,3.0,150.0,7.6,1.0,158.0,27.5,Acetate,5.0,20,NaCl,140,Sucrose,0.1,none,0.0,none,0,0.9,0.9,3.99,3.99,3.99,3.59,3.4
F151,poly-hIgG,polyclonal,3.0,150.0,7.6,1.0,95.0,27.5,Acetate,5.0,20,NaCl,140,Sucrose,0.1,none,0.0,none,0,0.9,0.9,2.36,2.36,2.36,2.28,2.28
F152,poly-hIgG,polyclonal,3.0,150.0,7.6,1.0,60.0,27.5,Acetate,5.0,20,NaCl,140,Sucrose,0.1,none,0.0,none,0,0.9,0.9,1.28,1.28,1.28,1.28,1.28
F153,poly-hIgG,polyclonal,3.0,150.0,7.6,1.0,220.0,27.5,Histidine,6.0,15,none,0,none,0.0,none,0.0,none,0,0.9,0.9,12.78,10.54,10.54,9.58,4.0
F154,poly-hIgG,polyclonal,3.0,150.0,7.6,1.0,194.0,27.5,Acetate,6.0,20,none,0,none,0.0,none,0.0,none,0,0.9,0.9,12.5,12.5,12.5,12.0,3.5
F155,poly-hIgG,polyclonal,3.0,150.0,7.6,1.0,209.0,27.5,Acetate,6.0,20,none,0,none,0.0,none,0.0,none,0,0.9,0.9,13.6,13.6,13.6,12.0,3.81
F156,poly-hIgG,polyclonal,3.0,150.0,7.6,1.0,134.0,27.5,Acetate,6.0,20,none,0,none,0.0,none,0.0,none,0,0.9,0.9,5.91,5.91,5.59,5.19,2.21
F157,poly-hIgG,polyclonal,3.0,150.0,7.6,1.0,175.0,27.5,Histidine,6.0,15,none,0,none,0.0,none,0.0,none,0,0.9,0.9,5.91,5.51,5.51,5.19,3.3
F158,poly-hIgG,polyclonal,3.0,150.0,7.6,1.0,157.0,27.5,Acetate,6.0,20,none,0,none,0.0,none,0.0,none,0,0.9,0.9,5.8,5.8,5.8,5.8,2.6
F159,poly-hIgG,polyclonal,3.0,150.0,7.6,1.0,163.0,27.5,Histidine,6.0,36,NaCl,32,none,0.0,none,0.0,none,0,0.9,0.9,7.99,6.39,6.39,6.07,2.5
F160,poly-hIgG,polyclonal,3.0,150.0,7.6,1.0,150.0,27.5,Acetate,6.0,20,NaCl,32,none,0.0,none,0.0,none,0,0.9,0.9,5.27,3.99,3.91,3.43,2.3
F161,poly-hIgG,polyclonal,3.0,150.0,7.6,1.0,175.0,27.5,Histidine,6.0,15,none,0,none,0.0,none,0.0,none,0,0.9,0.9,5.59,4.55,4.31,3.83,2.0
F162,poly-hIgG,polyclonal,3.0,150.0,7.6,1.0,175.0,27.5,Histidine,6.0,15,none,0,none,0.0,none,0.0,none,0,0.9,0.9,9.27,9.27,8.15,6.39,3.28
F163,Adalimumab,mAb_IgG1,3.0,148.0,8.7,0.3,143.0,27.5,Histidine,6.0,15,none,0,none,0.0,none,0.0,none,0,1.0,1.0,5.35,5.35,5.35,4.23,2.54
F164,Adalimumab,mAb_IgG1,3.0,148.0,8.7,0.3,139.0,27.5,Acetate,5.0,20,none,0,none,0.0,none,0.0,none,0,1.0,1.0,5.59,4.55,4.55,3.63,2.28
F165,Adalimumab,mAb_IgG1,3.0,148.0,8.7,0.3,100.0,27.5,Acetate,5.0,20,none,0,none,0.0,none,0.0,none,0,1.0,1.0,3.19,2.72,2.48,2.32,1.45
F166,Adalimumab,mAb_IgG1,3.0,148.0,8.7,0.3,35.0,27.5,Acetate,5.0,20,none,0,none,0.0,tween-80,0.1,none,0,1.0,1.0,1.28,1.28,1.28,1.28,1.27
F167,Adalimumab,mAb_IgG1,3.0,148.0,8.7,0.3,35.0,27.5,Acetate,5.0,20,none,0,Sucrose,0.5,none,0.0,none,0,1.0,1.0,1.71,1.71,1.71,1.68,1.2
F168,Adalimumab,mAb_IgG1,3.0,148.0,8.7,0.3,52.0,27.5,Acetate,5.0,20,none,0,Sucrose,0.25,tween-80,0.05,none,0,1.0,1.0,1.76,1.76,1.76,1.76,1.76
F169,Adalimumab,mAb_IgG1,3.0,148.0,8.7,0.3,100.0,27.5,Histidine,6.0,15,none,0,none,0.0,none,0.0,none,0,1.0,1.0,2.8,2.32,2.16,2.0,1.3
F170,Adalimumab,mAb_IgG1,3.0,148.0,8.7,0.3,52.0,27.5,Histidine,6.0,15,none,0,Sucrose,0.5,none,0.0,none,0,1.0,1.0,2.4,2.16,1.76,1.44,1.2
F171,Adalimumab,mAb_IgG1,3.0,148.0,8.7,0.3,52.0,27.5,Histidine,6.0,15,none,0,Sucrose,0.25,tween-80,0.05,none,0,1.0,1.0,2.4,2.08,1.48,1.44,1.15
F172,Adalimumab,mAb_IgG1,3.0,148.0,8.7,0.3,35.0,27.5,Histidine,6.0,15,none,0,Sucrose,0.5,tween-80,0.1,none,0,1.0,1.0,1.6,1.6,1.52,1.52,1.52
F173,Bevacizumab,mAb_IgG1,3.0,149.0,8.3,0.3,146.0,27.5,Acetate,5.0,20,none,0,none,0.0,none,0.0,none,0,1.0,1.0,2.8,2.8,2.8,2.4,1.75
F174,Bevacizumab,mAb_IgG1,3.0,149.0,8.3,0.3,136.0,27.5,Histidine,6.0,15,none,0,none,0.0,none,0.0,none,0,1.0,1.0,2.88,2.88,2.64,2.4,1.66
F175,Bevacizumab,mAb_IgG1,3.0,149.0,8.3,0.3,100.0,27.5,Histidine,6.0,15,none,0,none,0.0,none,0.0,none,0,1.0,1.0,2.64,2.4,2.04,2.04,1.4
F176,Bevacizumab,mAb_IgG1,3.0,149.0,8.3,0.3,50.0,27.5,Histidine,6.0,15,none,0,Sucrose,0.5,none,0.0,none,0,1.0,1.0,1.41,1.41,1.41,1.32,1.3
F177,Bevacizumab,mAb_IgG1,3.0,149.0,8.3,0.3,60.0,27.5,Histidine,6.0,15,none,0,Sucrose,0.25,tween-80,0.1,none,0,1.0,1.0,2.0,2.0,1.76,1.76,1.1
F178,Bevacizumab,mAb_IgG1,3.0,149.0,8.3,0.3,80.0,27.5,Histidine,6.0,15,none,0,none,0.0,tween-80,0.1,none,0,1.0,1.0,2.0,2.0,2.0,2.0,2.0
F179,Bevacizumab,mAb_IgG1,3.0,149.0,8.3,0.3,75.0,27.5,Acetate,5.0,20,none,0,none,0.0,none,0.0,none,0,1.0,1.0,1.2,1.2,1.2,1.12,1.12
F180,Bevacizumab,mAb_IgG1,3.0,149.0,8.3,0.3,50.0,27.5,Acetate,5.0,20,none,0,Sucrose,0.5,tween-80,0.05,none,0,1.0,1.0,1.74,1.74,1.74,1.74,1.74
F181,Bevacizumab,mAb_IgG1,3.0,149.0,8.3,0.3,75.0,27.5,Acetate,5.0,20,none,0,none,0.0,tween-80,0.05,none,0,1.0,1.0,1.52,1.44,1.44,1.44,1.44
F182,Bevacizumab,mAb_IgG1,3.0,149.0,8.3,0.3,100.0,27.5,Acetate,5.0,20,none,0,Sucrose,0.25,tween-80,0.1,none,0,1.0,1.0,2.24,2.08,1.8,1.6,1.2
F219,Pembrolizumab,mAb_IgG4,3.5,149.0,7.57,0.3,193.0,27.5,Acetate,5.0,20,none,0,none,0.0,none,0.0,none,0,1.3,1.1,13.26,9.66,9.03,6.57,4.0
F220,Bevacizumab,mAb_IgG1,3.0,149.0,8.3,0.3,250.0,27.5,PBS,7.4,10,NaCl,140,none,0.0,none,0.0,none,0,1.0,1.0,13.9,13.9,12.62,7.59,3.82
F221,Bevacizumab,mAb_IgG1,3.0,149.0,8.3,0.3,60.0,27.5,PBS,7.4,10,NaCl,140,Sucrose,0.1,none,0.0,none,0,1.0,1.0,2.4,2.4,2.4,2.4,1.2
F222,Bevacizumab,mAb_IgG1,3.0,149.0,8.3,0.3,100.0,27.5,PBS,7.4,10,NaCl,140,none,0.0,tween-80,0.1,none,0,1.0,1.0,1.92,1.92,1.92,1.6,1.6
F223,Bevacizumab,mAb_IgG1,3.0,149.0,8.3,0.3,100.0,27.5,PBS,7.4,10,NaCl,140,none,0.0,none,0.0,none,0,1.0,1.0,4.35,2.8,2.4,2.25,1.4
F224,Bevacizumab,mAb_IgG1,3.0,149.0,8.3,0.3,80.0,27.5,PBS,7.4,10,NaCl,140,Sucrose,0.5,tween-80,0.05,none,0,1.0,1.0,4.63,3.34,2.16,1.81,1.81
F225,Bevacizumab,mAb_IgG1,3.0,149.0,8.3,0.3,75.0,27.5,PBS,7.4,10,NaCl,140,Sucrose,0.25,tween-80,0.05,none,0,1.0,1.0,2.45,2.45,2.45,2.45,1.6
F226,Pembrolizumab,mAb_IgG4,3.5,149.0,7.57,0.3,50.0,27.5,Acetate,5.0,20,none,0,Sucrose,0.1,tween-80,0.1,none,0,1.3,1.1,1.73,1.73,1.73,1.6,1.2
F227,Pembrolizumab,mAb_IgG4,3.5,149.0,7.57,0.3,100.0,27.5,Acetate,5.0,20,none,0,none,0.0,none,0.0,none,0,1.3,1.1,2.75,2.75,2.0,2.0,1.43
F228,Pembrolizumab,mAb_IgG4,3.5,149.0,7.57,0.3,80.0,27.5,Acetate,5.0,20,none,0,Sucrose,0.5,tween-80,0.1,none,0,1.3,1.1,3.4,3.3,2.8,2.56,2.0
F229,Pembrolizumab,mAb_IgG4,3.5,149.0,7.57,0.3,100.0,27.5,Acetate,5.0,20,NaCl,140,none,0.0,none,0.0,none,0,1.3,1.1,6.6,3.6,2.6,2.2,1.3
F230,Pembrolizumab,mAb_IgG4,3.5,149.0,7.57,0.3,60.0,27.5,Acetate,5.0,20,none,0,Sucrose,0.25,tween-80,0.05,none,0,1.3,1.1,2.5,2.5,2.0,1.7,1.4
F231,Adalimumab,mAb_IgG1,3.0,148.0,8.7,0.3,267.0,27.5,PBS,7.4,10,NaCl,140,none,0.0,none,0.0,none,0,1.0,1.0,49.0,48.0,36.0,25.0,5.75
F232,Adalimumab,mAb_IgG1,3.0,148.0,8.7,0.3,62.0,27.5,PBS,7.4,10,NaCl,140,Sucrose,0.25,none,0.0,none,0,1.0,1.0,1.4,1.4,1.4,1.3,1.12
F233,Adalimumab,mAb_IgG1,3.0,148.0,8.7,0.3,100.0,27.5,PBS,7.4,10,NaCl,140,none,0.0,tween-80,0.1,none,0,1.0,1.0,6.2,4.1,3.6,3.6,2.14
F234,Adalimumab,mAb_IgG1,3.0,148.0,8.7,0.3,80.0,27.5,PBS,7.4,10,NaCl,140,Sucrose,0.5,tween-80,0.05,none,0,1.0,1.0,5.6,5.0,4.2,4.1,1.6
F235,Adalimumab,mAb_IgG1,3.0,148.0,8.7,0.3,75.0,27.5,PBS,7.4,10,NaCl,140,Sucrose,0.1,tween-80,0.05,none,0,1.0,1.0,4.5,2.3,1.4,1.2,1.04
F236,BSA,other,2.0,66.0,4.7,0.3,392.0,27.5,Histidine,6.0,15,none,0,none,0.0,none,0.0,none,0,0.85,0.9,53.51,47.92,39.14,27.96,27.96
F237,BSA,other,2.0,66.0,4.7,0.3,414.0,27.5,Acetate,5.0,20,none,0,none,0.0,none,0.0,none,0,0.85,0.9,112.62,64.7,50.32,38.34,33.0
F238,BSA,other,2.0,66.0,4.7,0.3,431.0,27.5,PBS,7.4,10,NaCl,140,none,0.0,none,0.0,none,0,0.85,0.9,127.8,95.85,62.3,51.12,44.0
F239,BSA,other,2.0,66.0,4.7,0.3,160.0,27.5,Histidine,6.0,15,none,0,none,0.0,none,0.0,none,0,0.85,0.9,3.35,3.12,2.84,2.72,2.38
F240,BSA,other,2.0,66.0,4.7,0.3,174.0,27.5,PBS,7.4,10,NaCl,140,none,0.0,none,0.0,none,0,0.85,0.9,3.83,3.83,3.19,3.35,2.41
F241,BSA,other,2.0,66.0,4.7,0.3,162.0,27.5,Acetate,5.0,20,none,0,none,0.0,none,0.0,none,0,0.85,0.9,3.99,3.99,3.75,3.59,2.5
F242,BSA,other,2.0,66.0,4.7,0.3,182.0,27.5,Histidine,6.0,15,NaCl,140,none,0.0,none,0.0,none,0,0.85,0.9,3.75,3.75,3.75,3.59,2.8
F243,BSA,other,2.0,66.0,4.7,0.3,172.0,27.5,Histidine,6.0,30,none,0,none,0.0,none,0.0,none,0,0.85,0.9,3.83,3.63,3.47,3.19,2.48
F244,BSA,other,2.0,66.0,4.7,0.3,169.0,27.5,Acetate,5.0,20,NaCl,140,none,0.0,none,0.0,none,0,0.85,0.9,4.07,3.59,2.84,2.0,2.0
F245,BSA,other,2.0,66.0,4.7,0.3,5.0,27.5,PBS,7.4,10,NaCl,140,none,0.0,none,0.0,none,0,0.85,0.9,1.008,1.008,0.96,0.96,0.8
F246,BSA,other,2.0,66.0,4.7,0.3,10.0,27.5,PBS,7.4,10,NaCl,140,none,0.0,none,0.0,none,0,0.85,0.9,1.032,1.032,1.032,0.96,0.8
F247,BSA,other,2.0,66.0,4.7,0.3,20.0,27.5,PBS,7.4,10,NaCl,140,none,0.0,none,0.0,none,0,0.85,0.9,1.104,1.104,1.104,1.056,0.88
F248,BSA,other,2.0,66.0,4.7,0.3,25.0,27.5,PBS,7.4,10,NaCl,140,none,0.0,none,0.0,none,0,0.85,0.9,1.2,1.2,1.2,1.152,0.96
F249,BSA,other,2.0,66.0,4.7,0.3,5.0,27.5,Acetate,5.0,20,none,0,none,0.0,none,0.0,none,0,0.85,0.9,1.008,1.008,0.96,0.96,0.8
F250,BSA,other,2.0,66.0,4.7,0.3,10.0,27.5,Acetate,5.0,20,none,0,none,0.0,none,0.0,none,0,0.85,0.9,1.032,1.032,1.032,0.96,0.8
F251,BSA,other,2.0,66.0,4.7,0.3,20.0,27.5,Acetate,5.0,20,none,0,none,0.0,none,0.0,none,0,0.85,0.9,1.2,1.2,1.2,1.152,0.96
F252,BSA,other,2.0,66.0,4.7,0.3,25.0,27.5,Acetate,5.0,20,none,0,none,0.0,none,0.0,none,0,0.85,0.9,1.344,1.344,1.344,1.296,1.08
F253,BSA,other,2.0,66.0,4.7,0.3,5.0,27.5,Histidine,6.0,15,none,0,none,0.0,none,0.0,none,0,0.85,0.9,1.008,1.008,0.96,0.96,0.8
F254,BSA,other,2.0,66.0,4.7,0.3,10.0,27.5,Histidine,6.0,15,none,0,none,0.0,none,0.0,none,0,0.85,0.9,1.044,1.032,1.044,0.984,0.82
F255,BSA,other,2.0,66.0,4.7,0.3,20.0,27.5,Histidine,6.0,15,none,0,none,0.0,none,0.0,none,0,0.85,0.9,1.104,1.104,1.104,1.056,0.88
F256,BSA,other,2.0,66.0,4.7,0.3,20.0,27.5,Histidine,6.0,30,none,0,none,0.0,none,0.0,none,0,0.85,0.9,1.128,1.128,1.128,1.056,0.88
F257,BSA,other,2.0,66.0,4.7,0.3,25.0,27.5,Histidine,6.0,15,none,0,none,0.0,none,0.0,none,0,0.85,0.9,1.248,1.248,1.2,1.2,1.0
F258,BSA,other,2.0,66.0,4.7,0.3,25.0,27.5,Histidine,6.0,30,none,0,none,0.0,none,0.0,none,0,0.85,0.9,1.344,1.344,1.344,1.248,1.04
F259,poly-hIgG,polyclonal,3.0,150.0,7.6,1.0,10.0,25.0,PBS,7.4,10,NaCl,140,none,0.0,none,0.0,none,0,0.9,0.9,1.08,1.068,1.08,1.056,0.88
F260,poly-hIgG,polyclonal,3.0,150.0,7.6,1.0,20.0,25.0,PBS,7.4,10,NaCl,140,none,0.0,none,0.0,none,0,0.9,0.9,1.392,1.392,1.392,1.344,1.12
F261,Ibalizumab,mAb_IgG4,3.5,150.0,8.0,0.3,304.0,27.5,Histidine,6.0,15,none,0,none,0.0,none,0.0,none,0,1.3,1.1,12.3,12.3,11.58,7.99,4.5
F262,Ibalizumab,mAb_IgG4,3.5,150.0,8.0,0.3,300.0,27.5,Acetate,5.0,20,none,0,none,0.0,none,0.0,none,0,1.3,1.1,20.93,20.93,17.97,11.9,7.9
F263,Ibalizumab,mAb_IgG4,3.5,150.0,8.0,0.3,290.0,27.5,PBS,7.4,10,NaCl,140,none,0.0,none,0.0,none,0,1.3,1.1,13.18,13.18,13.18,10.38,5.95
F264,Ibalizumab,mAb_IgG4,3.5,150.0,8.0,0.3,187.5,27.5,Histidine,6.0,15,none,0,Sucrose,0.75,none,0.0,none,0,1.3,1.1,3.67,3.67,3.19,2.32,1.4
F265,Ibalizumab,mAb_IgG4,3.5,150.0,8.0,0.3,270.0,27.5,Acetate,5.0,20,none,0,none,0.0,tween-80,0.1,none,0,1.3,1.1,13.1,10.38,8.79,6.15,4.5
F266,Ibalizumab,mAb_IgG4,3.5,150.0,8.0,0.3,245.0,27.5,PBS,7.4,10,NaCl,140,Trehalose,0.155,none,0.0,none,0,1.3,1.1,10.38,7.59,6.57,5.41,5.41
F267,Ibalizumab,mAb_IgG4,3.5,150.0,8.0,0.3,230.0,27.5,Histidine,6.0,15,none,0,Sucrose,0.5,none,0.0,none,0,1.3,1.1,5.35,5.19,5.19,5.03,4.1
F268,Ibalizumab,mAb_IgG4,3.5,150.0,8.0,0.3,150.0,27.5,PBS,7.4,10,NaCl,140,Sucrose,0.75,none,0.0,none,0,1.3,1.1,7.19,6.39,6.39,5.59,5.0
F269,Ibalizumab,mAb_IgG4,3.5,150.0,8.0,0.3,150.0,27.5,Acetate,5.0,20,none,0,none,0.0,tween-80,0.075,none,0,1.3,1.1,2.24,2.2,2.2,2.2,2.2
F270,Ibalizumab,mAb_IgG4,3.5,150.0,8.0,0.3,150.0,27.5,Histidine,6.0,15,none,0,Trehalose,0.25,none,0.0,none,0,1.3,1.1,3.19,3.19,3.19,3.12,2.7
F271,Ibalizumab,mAb_IgG4,3.5,150.0,8.0,0.3,100.0,27.5,Acetate,5.0,20,none,0,none,0.0,none,0.0,none,0,1.3,1.1,2.64,2.64,2.64,2.4,1.8
F272,Ibalizumab,mAb_IgG4,3.5,150.0,8.0,0.3,70.0,27.5,Acetate,5.0,20,none,0,Sucrose,0.75,tween-80,0.5,none,0,1.3,1.1,3.35,2.96,2.96,2.96,2.7
F273,Ibalizumab,mAb_IgG4,3.5,150.0,8.0,0.3,70.0,27.5,Acetate,5.0,20,none,0,Trehalose,0.5,none,0.0,none,0,1.3,1.1,3.12,2.72,2.72,2.4,2.4
F274,Ibalizumab,mAb_IgG4,3.5,150.0,8.0,0.3,55.0,27.5,Acetate,5.0,20,none,0,none,0.0,tween-20,0.05,none,0,1.3,1.1,1.04,1.04,1.04,0.96,0.96
F275,Ibalizumab,mAb_IgG4,3.5,150.0,8.0,0.3,55.0,27.5,Acetate,5.0,20,none,0,Trehalose,0.25,tween-80,0.025,none,0,1.3,1.1,1.48,1.48,1.48,1.36,1.2
F276,Ibalizumab,mAb_IgG4,3.5,150.0,8.0,0.3,40.0,27.5,Acetate,5.0,20,NaCl,140,none,0.0,none,0.0,none,0,1.3,1.1,1.16,1.16,1.16,1.12,1.05
F277,Ibalizumab,mAb_IgG4,3.5,150.0,8.0,0.3,40.0,27.5,Acetate,5.0,20,none,0,Trehalose,0.5,none,0.0,none,0,1.3,1.1,1.6,1.6,1.6,1.6,1.6
F278,Ibalizumab,mAb_IgG4,3.5,150.0,8.0,0.3,25.0,27.5,Acetate,5.0,20,none,0,none,0.0,none,0.0,none,0,1.3,1.1,0.8,0.8,0.8,0.8,0.8
F279,Ibalizumab,mAb_IgG4,3.5,150.0,8.0,0.3,10.0,27.5,Acetate,5.0,20,none,0,Sucrose,0.25,tween-80,0.025,none,0,1.3,1.1,0.88,0.88,0.88,0.88,0.88
F280,Ibalizumab,mAb_IgG4,3.5,150.0,8.0,0.3,10.0,27.5,Acetate,5.0,20,none,0,Trehalose,0.25,none,0.0,none,0,1.3,1.1,1.04,1.04,1.04,1.04,1.04
F281,Ibalizumab,mAb_IgG4,3.5,150.0,8.0,0.3,100.0,27.5,Histidine,6.0,15,none,0,Trehalose,0.25,tween-80,0.05,none,0,1.3,1.1,2.56,2.56,2.56,2.48,2.48
F282,Ibalizumab,mAb_IgG4,3.5,150.0,8.0,0.3,75.0,27.5,Histidine,6.0,15,none,0,Sucrose,0.5,tween-80,0.025,none,0,1.3,1.1,2.16,1.84,1.52,1.52,1.52
F283,Ibalizumab,mAb_IgG4,3.5,150.0,8.0,0.3,55.0,27.5,Histidine,6.0,15,none,0,Sucrose,0.5,none,0.0,none,0,1.3,1.1,1.92,1.68,1.36,1.2,1.2
F284,Ibalizumab,mAb_IgG4,3.5,150.0,8.0,0.3,40.0,27.5,Histidine,6.0,15,none,0,none,0.0,none,0.0,none,0,1.3,1.1,1.12,1.12,1.12,1.04,1.04
F285,Ibalizumab,mAb_IgG4,3.5,150.0,8.0,0.3,30.0,27.5,Histidine,6.0,15,none,0,none,0.0,tween-20,0.025,none,0,1.3,1.1,0.88,0.88,0.88,0.88,0.88
F286,Ibalizumab,mAb_IgG4,3.5,150.0,8.0,0.3,25.0,27.5,Histidine,6.0,15,none,0,Sucrose,0.25,none,0.0,none,0,1.3,1.1,1.0,1.0,1.0,1.0,1.0
F287,Ibalizumab,mAb_IgG4,3.5,150.0,8.0,0.3,25.0,27.5,Histidine,6.0,15,NaCl,140,none,0.0,none,0.0,none,0,1.3,1.1,1.04,1.04,1.04,1.04,1.04
F288,Ibalizumab,mAb_IgG4,3.5,150.0,8.0,0.3,10.0,27.5,Histidine,6.0,15,none,0,none,0.0,none,0.0,none,0,1.3,1.1,0.69,0.69,0.69,0.69,0.69
F289,Ibalizumab,mAb_IgG4,3.5,150.0,8.0,0.3,80.0,27.5,PBS,7.4,10,NaCl,140,Sucrose,0.5,tween-80,0.1,none,0,1.3,1.1,1.84,1.84,1.84,1.84,1.84
F290,Ibalizumab,mAb_IgG4,3.5,150.0,8.0,0.3,55.0,27.5,PBS,7.4,10,NaCl,140,none,0.0,tween-80,0.025,none,0,1.3,1.1,1.44,1.44,1.44,1.36,1.21
F291,Ibalizumab,mAb_IgG4,3.5,150.0,8.0,0.3,30.0,27.5,PBS,7.4,10,NaCl,140,none,0.0,tween-80,0.1,none,0,1.3,1.1,1.16,1.16,1.16,1.12,1.12
F292,Ibalizumab,mAb_IgG4,3.5,150.0,8.0,0.3,30.0,27.5,PBS,7.4,10,NaCl,140,Trehalose,0.5,tween-80,0.1,none,0,1.3,1.1,2.06,2.06,2.06,1.92,1.55
F293,Ibalizumab,mAb_IgG4,3.5,150.0,8.0,0.3,10.0,27.5,PBS,7.4,10,NaCl,140,none,0.0,none,0.0,none,0,1.3,1.1,0.84,0.84,0.84,0.81,0.81
F294,Ibalizumab,mAb_IgG4,3.5,150.0,8.0,0.3,20.0,27.5,PBS,7.4,10,NaCl,140,none,0.0,tween-20,0.1,none,0,1.3,1.1,0.92,0.92,0.92,0.88,0.88
F295,poly-hIgG,polyclonal,3.0,150.0,7.6,1.0,145.0,27.5,PBS,7.4,10,NaCl,140,none,0.0,none,0.0,none,0,0.9,0.9,5.14,5.14,5.14,5.11,2.52
F296,poly-hIgG,polyclonal,3.0,150.0,7.6,1.0,145.0,17.5,PBS,7.4,10,NaCl,140,none,0.0,none,0.0,none,0,0.9,0.9,7.19,5.83,5.83,5.83,4.7
F297,poly-hIgG,polyclonal,3.0,150.0,7.6,1.0,145.0,26.5,PBS,7.4,10,NaCl,140,none,0.0,none,0.0,none,0,0.9,0.9,3.99,3.67,3.67,3.67,3.0
F298,poly-hIgG,polyclonal,3.0,150.0,7.6,1.0,151.0,17.5,PBS,7.4,10,NaCl,140,Sucrose,0.25,none,0.0,none,0,0.9,0.9,8.79,7.19,7.19,6.39,4.55
F299,poly-hIgG,polyclonal,3.0,150.0,7.6,1.0,151.0,27.5,PBS,7.4,10,NaCl,140,Sucrose,0.25,none,0.0,none,0,0.9,0.9,4.87,4.87,4.87,4.87,2.6
F300,poly-hIgG,polyclonal,3.0,150.0,7.6,1.0,151.0,36.5,PBS,7.4,10,NaCl,140,Sucrose,0.25,none,0.0,none,0,0.9,0.9,4.71,4.71,4.71,4.71,2.88
F301,poly-hIgG,polyclonal,3.0,150.0,7.6,1.0,157.0,17.5,PBS,7.4,10,NaCl,140,Sucrose,0.5,none,0.0,none,0,0.9,0.9,9.98,9.98,9.98,8.79,6.0
F302,poly-hIgG,polyclonal,3.0,150.0,7.6,1.0,157.0,27.5,PBS,7.4,10,NaCl,140,Sucrose,0.5,none,0.0,none,0,0.9,0.9,7.99,7.99,7.99,7.99,5.8
F303,poly-hIgG,polyclonal,3.0,150.0,7.6,1.0,157.0,36.5,PBS,7.4,10,NaCl,140,Sucrose,0.5,none,0.0,none,0,0.9,0.9,7.19,6.07,6.07,5.75,4.3
F304,Trastuzumab,mAb_IgG1,3.0,149.0,8.9,0.3,147.0,25.0,Acetate,5.0,20,none,0,none,0.0,none,0.0,none,0,1.0,1.0,5.83,4.79,2.84,2.8,1.06
F305,Trastuzumab,mAb_IgG1,3.0,149.0,8.9,0.3,157.0,25.0,Histidine,6.0,15,none,0,none,0.0,none,0.0,none,0,1.0,1.0,3.75,3.75,3.67,3.35,1.9
F306,Trastuzumab,mAb_IgG1,3.0,149.0,8.9,0.3,100.0,25.0,Histidine,6.0,15,none,0,Sucrose,0.3,tween-80,0.05,none,0,1.0,1.0,2.72,2.72,2.64,2.64,2.34
F307,Trastuzumab,mAb_IgG1,3.0,149.0,8.9,0.3,50.0,25.0,Histidine,6.0,15,none,0,none,0.0,tween-80,0.1,none,0,1.0,1.0,1.52,1.52,1.52,1.36,1.2
F308,Trastuzumab,mAb_IgG1,3.0,149.0,8.9,0.3,75.0,25.0,Histidine,6.0,15,none,0,Sucrose,0.5,none,0.0,none,0,1.0,1.0,1.56,1.56,1.56,1.56,0.8
F309,Trastuzumab,mAb_IgG1,3.0,149.0,8.9,0.3,90.0,25.0,Acetate,5.0,20,none,0,Sucrose,0.3,tween-80,0.1,none,0,1.0,1.0,3.19,2.72,2.48,2.72,1.85
F310,Trastuzumab,mAb_IgG1,3.0,149.0,8.9,0.3,70.0,25.0,Acetate,5.0,20,none,0,Sucrose,0.5,none,0.0,none,0,1.0,1.0,3.12,2.64,2.64,2.16,1.8
F311,Trastuzumab,mAb_IgG1,3.0,149.0,8.9,0.3,100.0,25.0,Acetate,5.0,20,none,0,none,0.0,tween-80,0.05,none,0,1.0,1.0,2.8,2.08,1.6,1.6,1.6
F312,Trastuzumab,mAb_IgG1,3.0,149.0,8.9,0.3,60.0,25.0,Acetate,5.0,20,none,0,Sucrose,0.4,tween-80,0.05,none,0,1.0,1.0,2.0,2.0,1.68,1.44,1.25
F313,Trastuzumab,mAb_IgG1,3.0,149.0,8.9,0.3,125.0,25.0,Histidine,6.0,15,none,0,none,0.0,none,0.0,none,0,1.0,1.0,2.36,2.36,2.36,2.36,2.36
F314,Trastuzumab,mAb_IgG1,3.0,149.0,8.9,0.3,125.0,25.0,Histidine,6.0,25,none,0,none,0.0,none,0.0,none,0,1.0,1.0,3.19,2.52,1.92,1.68,1.68
F315,Trastuzumab,mAb_IgG1,3.0,149.0,8.9,0.3,125.0,25.0,Histidine,6.0,25,none,0,none,0.0,none,0.0,Arginine,60,1.0,1.0,2.88,2.88,2.52,2.52,2.5
F316,Trastuzumab,mAb_IgG1,3.0,149.0,8.9,0.3,125.0,25.0,Histidine,6.0,25,none,0,none,0.0,none,0.0,Arginine,160,1.0,1.0,3.35,2.72,2.08,1.73,1.73
F317,Trastuzumab,mAb_IgG1,3.0,149.0,8.9,0.3,125.0,25.0,Histidine,6.0,40,none,0,none,0.0,none,0.0,none,0,1.0,1.0,2.08,2.08,1.64,1.64,1.64
F318,Trastuzumab,mAb_IgG1,3.0,149.0,8.9,0.3,125.0,25.0,Histidine,6.0,25,none,0,none,0.0,none,0.0,Proline,75,1.0,1.0,1.96,1.96,1.96,1.96,1.96
F319,Trastuzumab,mAb_IgG1,3.0,149.0,8.9,0.3,125.0,25.0,Histidine,6.0,25,none,0,Sucrose,0.2,none,0.0,Arginine,60,1.0,1.0,2.96,2.53,2.16,2.0,2.0
F320,poly-hIgG,polyclonal,3.0,150.0,7.6,1.0,75.0,25.0,Histidine,6.0,15,none,0,none,0.0,none,0.0,none,0,0.9,0.9,1.45,1.45,1.45,1.45,1.45
F321,poly-hIgG,polyclonal,3.0,150.0,7.6,1.0,175.0,25.0,Histidine,6.0,15,none,0,none,0.0,none,0.0,none,0,0.9,0.9,9.58,8.31,4.87,4.31,4.31
F322,poly-hIgG,polyclonal,3.0,150.0,7.6,1.0,75.0,25.0,Acetate,5.0,20,none,0,none,0.0,none,0.0,none,0,0.9,0.9,1.28,1.28,1.28,1.28,1.28
F323,poly-hIgG,polyclonal,3.0,150.0,7.6,1.0,175.0,25.0,Acetate,5.0,20,none,0,none,0.0,none,0.0,none,0,0.9,0.9,9.03,9.03,7.67,7.59,5.0
F324,poly-hIgG,polyclonal,3.0,150.0,7.6,1.0,75.0,25.0,Histidine,6.0,15,none,0,none,0.0,none,0.0,Arginine,20,0.9,0.9,1.04,1.04,1.04,1.04,1.04
F325,poly-hIgG,polyclonal,3.0,150.0,7.6,1.0,75.0,25.0,Histidine,6.0,15,none,0,Sucrose,0.2,none,0.0,Arginine,60,0.9,0.9,1.28,1.28,1.28,1.28,1.28
F326,poly-hIgG,polyclonal,3.0,150.0,7.6,1.0,75.0,25.0,Histidine,6.0,15,none,0,none,0.0,none,0.0,Arginine,120,0.9,0.9,1.36,1.36,1.28,1.28,1.28
F327,poly-hIgG,polyclonal,3.0,150.0,7.6,1.0,75.0,25.0,Histidine,6.0,15,none,0,none,0.0,none,0.0,Proline,25,0.9,0.9,1.6,1.6,1.6,1.6,1.6
F328,poly-hIgG,polyclonal,3.0,150.0,7.6,1.0,75.0,25.0,Histidine,6.0,15,none,0,Sucrose,0.4,none,0.0,Proline,75,0.9,0.9,1.92,1.68,1.44,1.44,1.44
F329,poly-hIgG,polyclonal,3.0,150.0,7.6,1.0,75.0,25.0,Histidine,6.0,15,none,0,none,0.0,none,0.0,Proline,150,0.9,0.9,1.2,1.2,1.2,1.2,1.2
F330,poly-hIgG,polyclonal,3.0,150.0,7.6,1.0,75.0,25.0,Histidine,6.0,15,none,0,none,0.0,none,0.0,Arginine,60,0.9,0.9,1.16,1.16,1.16,1.16,1.16
F331,poly-hIgG,polyclonal,3.0,150.0,7.6,1.0,75.0,25.0,Histidine,6.0,15,none,0,none,0.0,none,0.0,Proline,75,0.9,0.9,2.24,1.92,1.6,1.6,1.6
F332,poly-hIgG,polyclonal,3.0,150.0,7.6,1.0,75.0,25.0,Acetate,5.0,20,none,0,none,0.0,none,0.0,Arginine,60,0.9,0.9,1.78,1.78,1.78,1.78,1.78
F333,poly-hIgG,polyclonal,3.0,150.0,7.6,1.0,175.0,25.0,Histidine,6.0,15,none,0,none,0.0,none,0.0,Arginine,20,0.9,0.9,6.75,6.75,6.75,6.23,5.0
F334,poly-hIgG,polyclonal,3.0,150.0,7.6,1.0,175.0,25.0,Histidine,6.0,15,none,0,none,0.0,none,0.0,Arginine,60,0.9,0.9,5.72,5.72,5.72,5.99,4.75
F335,poly-hIgG,polyclonal,3.0,150.0,7.6,1.0,175.0,25.0,Histidine,6.0,15,none,0,none,0.0,none,0.0,Arginine,120,0.9,0.9,4.63,4.63,4.63,4.55,4.0
F336,poly-hIgG,polyclonal,3.0,150.0,7.6,1.0,175.0,25.0,Histidine,6.0,15,none,0,none,0.0,none,0.0,Proline,25,0.9,0.9,7.43,6.95,5.91,5.67,5.67
F337,poly-hIgG,polyclonal,3.0,150.0,7.6,1.0,175.0,25.0,Histidine,6.0,15,none,0,none,0.0,none,0.0,Proline,75,0.9,0.9,9.58,8.39,7.19,5.91,5.0
F338,poly-hIgG,polyclonal,3.0,150.0,7.6,1.0,175.0,25.0,Histidine,6.0,15,none,0,none,0.0,none,0.0,Proline,150,0.9,0.9,7.35,7.35,6.39,5.75,5.0
F339,poly-hIgG,polyclonal,3.0,150.0,7.6,1.0,125.0,25.0,Histidine,6.0,25,none,0,none,0.0,none,0.0,none,0,0.9,0.9,2.88,2.88,2.88,2.88,2.4
F340,poly-hIgG,polyclonal,3.0,150.0,7.6,1.0,125.0,25.0,Histidine,6.0,25,none,0,none,0.0,none,0.0,Arginine,25,0.9,0.9,2.07,2.07,2.07,2.07,2.07
F341,poly-hIgG,polyclonal,3.0,150.0,7.6,1.0,125.0,25.0,Histidine,6.0,25,none,0,none,0.0,none,0.0,Arginine,50,0.9,0.9,2.4,2.4,2.4,2.4,2.4
F342,poly-hIgG,polyclonal,3.0,150.0,7.6,1.0,125.0,25.0,Histidine,6.0,25,none,0,none,0.0,none,0.0,Arginine,75,0.9,0.9,4.63,3.79,3.79,3.75,3.66
F343,poly-hIgG,polyclonal,3.0,150.0,7.6,1.0,125.0,25.0,Histidine,6.0,25,none,0,none,0.0,none,0.0,Arginine,100,0.9,0.9,1.68,1.68,1.68,1.68,1.68
F344,poly-hIgG,polyclonal,3.0,150.0,7.6,1.0,125.0,25.0,Histidine,6.0,25,none,0,none,0.0,none,0.0,Arginine,150,0.9,0.9,2.17,2.17,2.17,2.17,2.17
F345,poly-hIgG,polyclonal,3.0,150.0,7.6,1.0,125.0,25.0,Histidine,6.0,25,none,0,none,0.0,none,0.0,Arginine,200,0.9,0.9,1.49,1.49,1.49,1.49,1.49
F346,poly-hIgG,polyclonal,3.0,150.0,7.6,1.0,125.0,25.0,Histidine,6.0,50,none,0,none,0.0,none,0.0,none,0,0.9,0.9,2.0,2.0,2.0,2.0,2.0
F347,poly-hIgG,polyclonal,3.0,150.0,7.6,1.0,75.0,25.0,Histidine,6.0,15,none,0,none,0.0,none,0.0,Lysiene,25,0.9,0.9,1.2,1.2,0.97,0.97,0.97
F348,poly-hIgG,polyclonal,3.0,150.0,7.6,1.0,75.0,25.0,Histidine,6.0,15,none,0,none,0.0,none,0.0,Lysiene,75,0.9,0.9,1.02,1.02,1.02,1.02,1.02
F349,poly-hIgG,polyclonal,3.0,150.0,7.6,1.0,75.0,25.0,Histidine,6.0,15,none,0,none,0.0,none,0.0,Lysiene,150,0.9,0.9,1.21,1.21,1.21,1.21,1.21
F350,poly-hIgG,polyclonal,3.0,150.0,7.6,1.0,175.0,25.0,Histidine,6.0,15,none,0,none,0.0,none,0.0,Lysiene,25,0.9,0.9,3.99,3.99,3.19,3.04,2.26
F351,poly-hIgG,polyclonal,3.0,150.0,7.6,1.0,175.0,25.0,Histidine,6.0,15,none,0,none,0.0,none,0.0,Lysiene,75,0.9,0.9,3.65,3.65,3.65,3.65,2.83
F352,poly-hIgG,polyclonal,3.0,150.0,7.6,1.0,175.0,25.0,Histidine,6.0,15,none,0,none,0.0,none,0.0,Lysiene,150,0.9,0.9,4.77,4.77,4.77,4.77,4.77
F353,poly-hIgG,polyclonal,3.0,150.0,7.6,1.0,75.0,25.0,Histidine,6.0,50,none,0,none,0.0,none,0.0,none,0,0.9,0.9,1.68,1.68,1.68,1.28,1.1
F354,poly-hIgG,polyclonal,3.0,150.0,7.6,1.0,75.0,25.0,Histidine,6.0,75,none,0,none,0.0,none,0.0,none,0,0.9,0.9,1.51,1.51,1.51,1.44,1.1
F355,poly-hIgG,polyclonal,3.0,150.0,7.6,1.0,175.0,25.0,Histidine,6.0,50,none,0,none,0.0,none,0.0,none,0,0.9,0.9,5.55,5.55,5.55,5.55,3.2
F356,poly-hIgG,polyclonal,3.0,150.0,7.6,1.0,175.0,25.0,Histidine,6.0,75,none,0,none,0.0,none,0.0,none,0,0.9,0.9,3.63,3.63,3.63,3.63,3.3
F357,poly-hIgG,polyclonal,3.0,150.0,7.6,1.0,125.0,25.0,Histidine,6.0,25,none,0,Sucrose,0.2,none,0.0,none,0,0.9,0.9,3.19,2.24,1.84,1.84,1.84
F358,poly-hIgG,polyclonal,3.0,150.0,7.6,1.0,125.0,25.0,Histidine,6.0,25,none,0,Sucrose,0.4,none,0.0,none,0,0.9,0.9,3.43,3.19,2.96,2.64,2.64
F359,poly-hIgG,polyclonal,3.0,150.0,7.6,1.0,125.0,25.0,Histidine,6.0,25,none,0,Sucrose,0.6,none,0.0,none,0,0.9,0.9,2.76,2.76,2.76,2.76,2.05
F360,poly-hIgG,polyclonal,3.0,150.0,7.6,1.0,125.0,25.0,Histidine,6.0,25,none,0,Sucrose,0.2,tween-80,0.05,none,0,0.9,0.9,2.4,1.6,1.53,1.53,1.53
F361,poly-hIgG,polyclonal,3.0,150.0,7.6,1.0,125.0,25.0,Histidine,6.0,25,none,0,Sucrose,0.2,tween-80,0.1,none,0,0.9,0.9,3.83,3.0,2.96,2.72,2.17
F362,poly-hIgG,polyclonal,3.0,150.0,7.6,1.0,125.0,25.0,Histidine,6.0,25,none,0,Sucrose,0.5,none,0.0,none,0,0.9,0.9,4.39,2.88,2.48,2.4,2.35
F363,poly-hIgG,polyclonal,3.0,150.0,7.6,1.0,125.0,25.0,Histidine,6.0,25,none,0,Sucrose,0.2,none,0.0,Arginine,25,0.9,0.9,3.99,2.8,2.64,2.48,2.07
F364,poly-hIgG,polyclonal,3.0,150.0,7.6,1.0,125.0,25.0,Histidine,6.0,25,none,0,Sucrose,0.2,none,0.0,Arginine,50,0.9,0.9,2.21,2.21,2.21,2.21,1.0
F365,poly-hIgG,polyclonal,3.0,150.0,7.6,1.0,125.0,25.0,Histidine,6.0,25,none,0,Sucrose,0.2,none,0.0,Arginine,75,0.9,0.9,3.04,2.8,2.48,2.4,1.7
F366,poly-hIgG,polyclonal,3.0,150.0,7.6,1.0,75.0,25.0,Acetate,5.0,20,none,0,none,0.0,none,0.0,Arginine,20,0.9,0.9,1.39,1.39,1.39,1.39,1.39
F367,poly-hIgG,polyclonal,3.0,150.0,7.6,1.0,75.0,25.0,Acetate,5.0,20,none,0,Sucrose,0.2,none,0.0,Arginine,60,0.9,0.9,1.92,1.92,1.92,1.92,1.92
F368,poly-hIgG,polyclonal,3.0,150.0,7.6,1.0,75.0,25.0,Acetate,5.0,20,none,0,none,0.0,none,0.0,Arginine,60,0.9,0.9,1.2,1.2,1.2,1.2,1.2
F369,poly-hIgG,polyclonal,3.0,150.0,7.6,1.0,75.0,25.0,Acetate,5.0,20,none,0,none,0.0,none,0.0,Proline,25,0.9,0.9,1.25,1.25,1.25,1.25,1.25
F370,poly-hIgG,polyclonal,3.0,150.0,7.6,1.0,75.0,25.0,Acetate,5.0,20,none,0,none,0.0,none,0.0,Proline,75,0.9,0.9,1.44,1.44,1.44,1.44,1.44
F371,poly-hIgG,polyclonal,3.0,150.0,7.6,1.0,75.0,25.0,Acetate,5.0,20,none,0,none,0.0,none,0.0,Proline,150,0.9,0.9,2.0,1.6,1.28,1.28,1.28
F372,poly-hIgG,polyclonal,3.0,150.0,7.6,1.0,175.0,25.0,Acetate,5.0,20,none,0,none,0.0,none,0.0,Arginine,20,0.9,0.9,7.04,7.04,7.04,7.04,4.0
F373,poly-hIgG,polyclonal,3.0,150.0,7.6,1.0,175.0,25.0,Acetate,5.0,20,none,0,none,0.0,none,0.0,Arginine,60,0.9,0.9,6.03,6.03,6.03,6.03,4.4
F374,poly-hIgG,polyclonal,3.0,150.0,7.6,1.0,175.0,25.0,Acetate,5.0,20,none,0,none,0.0,none,0.0,Arginine,120,0.9,0.9,5.81,5.81,5.81,5.75,5.5
F375,poly-hIgG,polyclonal,3.0,150.0,7.6,1.0,175.0,25.0,Acetate,5.0,20,none,0,none,0.0,none,0.0,Proline,25,0.9,0.9,7.0,7.0,7.0,6.87,5.11
F376,poly-hIgG,polyclonal,3.0,150.0,7.6,1.0,175.0,25.0,Acetate,5.0,20,none,0,none,0.0,none,0.0,Proline,75,0.9,0.9,5.31,5.31,5.03,4.79,2.67
F377,poly-hIgG,polyclonal,3.0,150.0,7.6,1.0,175.0,25.0,Acetate,5.0,20,none,0,none,0.0,none,0.0,Proline,150,0.9,0.9,8.39,8.39,8.39,7.99,6.6
F378,poly-hIgG,polyclonal,3.0,150.0,7.6,1.0,75.0,25.0,Acetate,5.0,20,none,0,none,0.0,none,0.0,Lysiene,25,0.9,0.9,1.42,1.42,1.42,1.42,1.42
F379,poly-hIgG,polyclonal,3.0,150.0,7.6,1.0,75.0,25.0,Acetate,5.0,20,none,0,none,0.0,none,0.0,Lysiene,75,0.9,0.9,1.34,1.34,1.34,1.34,1.34
F380,poly-hIgG,polyclonal,3.0,150.0,7.6,1.0,75.0,25.0,Acetate,5.0,20,none,0,none,0.0,none,0.0,Lysiene,150,0.9,0.9,1.25,1.25,1.25,1.25,1.25
F381,poly-hIgG,polyclonal,3.0,150.0,7.6,1.0,175.0,25.0,Acetate,5.0,20,none,0,none,0.0,none,0.0,Lysiene,25,0.9,0.9,3.35,3.35,3.35,3.27,2.9
F382,poly-hIgG,polyclonal,3.0,150.0,7.6,1.0,175.0,25.0,Acetate,5.0,20,none,0,none,0.0,none,0.0,Lysiene,75,0.9,0.9,4.81,4.81,4.81,4.63,3.64
F383,poly-hIgG,polyclonal,3.0,150.0,7.6,1.0,175.0,25.0,Acetate,5.0,20,none,0,none,0.0,none,0.0,Lysiene,150,0.9,0.9,4.19,4.19,3.79,3.75,3.75
F384,poly-hIgG,polyclonal,3.0,150.0,7.6,1.0,125.0,25.0,Acetate,5.0,50,none,0,none,0.0,none,0.0,none,0,0.9,0.9,4.23,3.91,3.55,3.51,3.04
F385,poly-hIgG,polyclonal,3.0,150.0,7.6,1.0,125.0,25.0,Acetate,5.0,80,none,0,none,0.0,none,0.0,none,0,0.9,0.9,2.61,2.61,2.61,2.4,2.25
F386,poly-hIgG,polyclonal,3.0,150.0,7.6,1.0,125.0,25.0,Histidine,6.0,50,none,0,none,0.0,none,0.0,none,0,0.9,0.9,3.59,2.8,2.8,2.8,2.8
F387,poly-hIgG,polyclonal,3.0,150.0,7.6,1.0,125.0,25.0,Histidine,6.0,75,none,0,none,0.0,none,0.0,none,0,0.9,0.9,2.96,2.44,2.4,2.4,2.4
F388,poly-hIgG,polyclonal,3.0,150.0,7.6,1.0,125.0,25.0,Histidine,6.0,97,none,0,none,0.0,none,0.0,none,0,0.9,0.9,2.12,2.12,2.12,2.12,1.8
F389,Belatacept,Fc-Fusion,4.5,90.0,5.6,0.5,70.0,25.0,Histidine,6.0,15,none,0,none,0.0,none,0.0,none,0,1.4,1.5,3.15,3.15,3.15,2.88,1.8
F390,Belatacept,Fc-Fusion,4.5,90.0,5.6,0.5,55.0,25.0,Histidine,6.0,15,none,0,none,0.0,none,0.0,none,0,1.4,1.5,1.84,1.84,1.84,1.84,1.84
F391,Belatacept,Fc-Fusion,4.5,90.0,5.6,0.5,55.0,25.0,Histidine,6.0,30,none,0,none,0.0,none,0.0,none,0,1.4,1.5,1.64,1.64,1.64,1.64,1.64
F392,Belatacept,Fc-Fusion,4.5,90.0,5.6,0.5,55.0,25.0,Histidine,6.0,15,none,0,Sucrose,0.3,none,0.0,Arginine,25,1.4,1.5,2.4,1.88,1.88,1.44,1.1
F393,Belatacept,Fc-Fusion,4.5,90.0,5.6,0.5,55.0,25.0,Histidine,6.0,15,none,0,Sucrose,0.3,none,0.0,none,0,1.4,1.5,1.75,1.75,1.75,1.75,1.75
F394,Belatacept,Fc-Fusion,4.5,90.0,5.6,0.5,20.0,25.0,Histidine,6.0,15,none,0,none,0.0,none,0.0,none,0,1.4,1.5,1.33,1.33,0.95,0.95,0.95
F395,Belatacept,Fc-Fusion,4.5,90.0,5.6,0.5,70.0,25.0,PBS,7.4,10,NaCl,140,none,0.0,none,0.0,none,0,1.4,1.5,2.32,2.04,2.04,2.04,2.04
F396,Belatacept,Fc-Fusion,4.5,90.0,5.6,0.5,70.0,25.0,PBS,7.4,10,NaCl,140,Sucrose,0.2,none,0.0,none,0,1.4,1.5,2.71,2.71,2.71,2.4,2.1
F397,Belatacept,Fc-Fusion,4.5,90.0,5.6,0.5,70.0,25.0,PBS,7.4,10,NaCl,140,none,0.0,none,0.0,Arginine,25,1.4,1.5,1.8,1.8,1.8,1.8,1.8
F398,Belatacept,Fc-Fusion,4.5,90.0,5.6,0.5,70.0,25.0,PBS,7.4,10,NaCl,140,none,0.0,none,0.0,Proline,25,1.4,1.5,2.31,2.31,2.31,2.31,2.31
F399,Belatacept,Fc-Fusion,4.5,90.0,5.6,0.5,35.0,25.0,PBS,7.4,10,NaCl,140,none,0.0,none,0.0,none,0,1.4,1.5,1.04,1.04,1.04,1.04,1.04
F400,Etanercept,Fc-Fusion,4.5,150.0,7.9,0.6,55.0,25.0,Acetate,5.0,20,none,0,none,0.0,none,0.0,none,0,1.4,1.5,3.67,3.67,2.64,2.64,1.75
F401,Etanercept,Fc-Fusion,4.5,150.0,7.9,0.6,55.0,25.0,Acetate,5.0,20,none,0,Sucrose,0.25,none,0.0,none,0,1.4,1.5,4.27,4.27,4.27,3.99,2.8
F402,Etanercept,Fc-Fusion,4.5,150.0,7.9,0.6,55.0,25.0,Acetate,5.0,20,NaCl,140,none,0.0,none,0.0,none,0,1.4,1.5,3.42,3.42,3.23,3.23,2.42
F403,Etanercept,Fc-Fusion,4.5,150.0,7.9,0.6,20.0,25.0,Acetate,5.0,20,none,0,none,0.0,none,0.0,Arginine,25,1.4,1.5,1.24,1.24,1.24,1.24,1.24
F404,Etanercept,Fc-Fusion,4.5,150.0,7.9,0.6,20.0,25.0,Acetate,5.0,20,none,0,Sucrose,0.25,none,0.0,Arginine,25,1.4,1.5,1.58,1.58,1.58,1.58,1.58
F405,Etanercept,Fc-Fusion,4.5,150.0,7.9,0.6,20.0,25.0,Acetate,5.0,20,none,0,none,0.0,none,0.0,none,0,1.4,1.5,1.32,1.32,1.32,1.32,1.32
F406,Etanercept,Fc-Fusion,4.5,150.0,7.9,0.6,20.0,25.0,Acetate,5.0,20,none,0,Sucrose,0.25,tween-80,0.05,Arginine,25,1.4,1.5,1.69,1.69,1.69,1.69,1.69
F407,Etanercept,Fc-Fusion,4.5,150.0,7.9,0.6,55.0,25.0,PBS,7.4,10,NaCl,140,Sucrose,0.2,none,0.0,none,0,1.4,1.5,4.55,4.55,4.55,4.55,2.4
F408,Etanercept,Fc-Fusion,4.5,150.0,7.9,0.6,55.0,25.0,PBS,7.4,10,NaCl,140,none,0.0,none,0.0,Arginine,25,1.4,1.5,5.43,5.43,4.79,4.79,3.0
F409,Etanercept,Fc-Fusion,4.5,150.0,7.9,0.6,55.0,25.0,PBS,7.4,10,NaCl,140,Sucrose,0.2,none,0.0,Arginine,25,1.4,1.5,6.13,6.13,6.13,5.59,2.2
F410,Etanercept,Fc-Fusion,4.5,150.0,7.9,0.6,20.0,25.0,PBS,7.4,10,NaCl,140,none,0.0,none,0.0,none,0,1.4,1.5,1.21,1.21,1.21,1.21,1.21
F411,Etanercept,Fc-Fusion,4.5,150.0,7.9,0.6,20.0,25.0,PBS,7.4,10,NaCl,140,none,0.0,tween-80,0.05,none,0,1.4,1.5,1.33,1.33,1.33,1.33,1.0
F412,Etanercept,Fc-Fusion,4.5,150.0,7.9,0.6,134.0,25.0,Histidine,6.0,15,none,0,none,0.0,none,0.0,none,0,1.4,1.5,55.11,53.51,45.53,30.35,8.1
F413,Etanercept,Fc-Fusion,4.5,150.0,7.9,0.6,55.0,25.0,Histidine,6.0,15,none,0,none,0.0,none,0.0,none,0,1.4,1.5,3.27,3.27,3.27,3.27,2.15
F414,Etanercept,Fc-Fusion,4.5,150.0,7.9,0.6,55.0,25.0,Histidine,6.0,30,none,0,none,0.0,none,0.0,none,0,1.4,1.5,5.59,3.99,3.51,3.04,2.1
F415,Etanercept,Fc-Fusion,4.5,150.0,7.9,0.6,55.0,25.0,Histidine,6.0,15,NaCl,140,none,0.0,none,0.0,none,0,1.4,1.5,4.66,4.66,4.15,3.91,1.35
F416,Etanercept,Fc-Fusion,4.5,150.0,7.9,0.6,55.0,25.0,Histidine,6.0,30,none,0,none,0.0,none,0.0,Lysiene,25,1.4,1.5,5.25,5.25,3.99,3.99,1.0
F417,Etanercept,Fc-Fusion,4.5,150.0,7.9,0.6,20.0,25.0,Histidine,6.0,30,none,0,none,0.0,none,0.0,none,0,1.4,1.5,0.88,0.88,0.88,0.72,0.72
F418,Etanercept,Fc-Fusion,4.5,150.0,7.9,0.6,20.0,25.0,Histidine,6.0,30,none,0,none,0.0,none,0.0,Arginine,25,1.4,1.5,0.97,0.97,0.97,0.88,0.85
F419,Etanercept,Fc-Fusion,4.5,150.0,7.9,0.6,20.0,25.0,Histidine,6.0,30,none,0,none,0.0,tween-80,0.05,Arginine,25,1.4,1.5,1.47,1.47,1.47,1.2,1.12
F420,Etanercept,Fc-Fusion,4.5,150.0,7.9,0.6,100.0,25.0,Histidine,6.0,15,none,0,none,0.0,none,0.0,none,0,1.4,1.5,19.97,15.97,15.18,10.38,4.3
F421,Etanercept,Fc-Fusion,4.5,150.0,7.9,0.6,120.0,25.0,Histidine,6.0,15,none,0,none,0.0,none,0.0,none,0,1.4,1.5,38.34,31.95,26.36,19.97,6.0
F422,Etanercept,Fc-Fusion,4.5,150.0,7.9,0.6,150.0,25.0,Histidine,6.0,15,none,0,none,0.0,none,0.0,none,0,1.4,1.5,79.87,79.87,71.88,47.92,10.5
F423,Belatacept,Fc-Fusion,4.5,90.0,5.6,0.5,110.0,25.0,Histidine,6.0,15,none,0,none,0.0,none,0.0,none,0,1.4,1.5,5.83,5.83,5.83,5.59,3.2
F424,Pembrolizumab,mAb_IgG4,3.5,149.0,7.57,0.3,74.0,25.0,Histidine,6.0,15,none,0,none,0.0,none,0.0,none,0,1.3,1.1,4.5,4.0,3.8,3.6,2.0
F425,Pembrolizumab,mAb_IgG4,3.5,149.0,7.57,0.3,150.0,25.0,Histidine,6.0,15,none,0,none,0.0,none,0.0,none,0,1.3,1.1,20.5,16.8,14.7,12.7,8.3
F426,Pembrolizumab,mAb_IgG4,3.5,149.0,7.57,0.3,135.0,25.0,Histidine,6.0,15,none,0,none,0.0,none,0.0,none,0,1.3,1.1,21.6,16.1,12.7,9.4,2.2
F427,Pembrolizumab,mAb_IgG4,3.5,149.0,7.57,0.3,214.0,25.0,Histidine,6.0,15,none,0,none,0.0,none,0.0,none,0,1.3,1.1,35.0,35.0,35.0,35.0,14.0
F428,Pembrolizumab,mAb_IgG4,3.5,149.0,7.57,0.3,49.0,25.0,Histidine,6.0,15,none,0,none,0.0,none,0.0,none,0,1.3,1.1,1.3,1.3,1.2,1.2,1.2
F429,Pembrolizumab,mAb_IgG4,3.5,149.0,7.57,0.3,80.0,25.0,Histidine,6.0,15,none,0,none,0.0,none,0.0,none,0,1.3,1.1,4.6,4.5,4.1,3.6,2.5
F430,Pembrolizumab,mAb_IgG4,3.5,149.0,7.57,0.3,80.0,25.0,Histidine,6.0,15,NaCl,140,none,0.0,none,0.0,none,0,1.3,1.1,3.4,2.7,2.3,1.9,1.1
F431,Pembrolizumab,mAb_IgG4,3.5,149.0,7.57,0.3,80.0,25.0,Histidine,6.0,15,none,0,Sucrose,0.4,none,0.0,none,0,1.3,1.1,5.4,4.0,3.5,3.0,1.9
F432,Pembrolizumab,mAb_IgG4,3.5,149.0,7.57,0.3,80.0,25.0,Histidine,6.0,15,none,0,none,0.0,tween-80,0.05,none,0,1.3,1.1,4.0,3.2,2.8,2.4,1.6
F433,Pembrolizumab,mAb_IgG4,3.5,149.0,7.57,0.3,80.0,25.0,Histidine,6.0,15,NaCl,140,Sucrose,0.4,none,0.0,none,0,1.3,1.1,3.0,2.6,2.4,2.3,2.3
F434,Pembrolizumab,mAb_IgG4,3.5,149.0,7.57,0.3,99.0,25.0,Histidine,6.0,15,none,0,none,0.0,none,0.0,Arginine,250,1.3,1.1,5.3,5.0,5.0,5.0,5.2
F435,Pembrolizumab,mAb_IgG4,3.5,149.0,7.57,0.3,80.0,25.0,Histidine,6.0,15,NaCl,140,Sucrose,0.4,none,0.0,Arginine,250,1.3,1.1,5.8,5.0,4.5,4.1,3.2
F436,Pembrolizumab,mAb_IgG4,3.5,149.0,7.57,0.3,80.0,25.0,Histidine,6.0,15,none,0,Sucrose,0.4,none,0.0,Proline,75,1.3,1.1,5.1,4.1,3.6,3.2,2.2
F437,Pembrolizumab,mAb_IgG4,3.5,149.0,7.57,0.3,80.0,25.0,Histidine,6.0,15,none,0,Sucrose,0.4,none,0.0,Proline,250,1.3,1.1,3.7,2.8,2.4,2.0,1.9
F438,Pembrolizumab,mAb_IgG4,3.5,149.0,7.57,0.3,80.0,25.0,Histidine,6.0,15,NaCl,140,Sucrose,0.4,none,0.0,Proline,250,1.3,1.1,5.6,4.4,3.7,3.1,2.0
F439,Pembrolizumab,mAb_IgG4,3.5,149.0,7.57,0.3,99.0,25.0,Histidine,6.0,15,NaCl,140,Sucrose,0.4,none,0.0,Proline,250,1.3,1.1,4.1,3.2,2.8,2.5,2.0
F440,Pembrolizumab,mAb_IgG4,3.5,149.0,7.57,0.3,135.0,25.0,Histidine,6.0,15,none,0,Sucrose,0.4,tween-80,0.05,none,0,1.3,1.1,5.8,5.2,4.9,4.5,3.8
F441,Pembrolizumab,mAb_IgG4,3.5,149.0,7.57,0.3,135.0,25.0,Histidine,6.0,15,NaCl,140,none,0.0,none,0.0,none,0,1.3,1.1,6.2,5.5,4.8,4.2,2.8
F442,Pembrolizumab,mAb_IgG4,3.5,149.0,7.57,0.3,135.0,25.0,Histidine,6.0,15,none,0,none,0.0,none,0.0,Arginine,25,1.3,1.1,7.6,6.0,5.0,4.2,2.4
F443,Pembrolizumab,mAb_IgG4,3.5,149.0,7.57,0.3,135.0,25.0,Histidine,6.0,15,none,0,none,0.0,none,0.0,Arginine,100,1.3,1.1,4.8,4.5,4.2,4.0,3.6
F444,Pembrolizumab,mAb_IgG4,3.5,149.0,7.57,0.3,135.0,25.0,Histidine,6.0,15,NaCl,140,none,0.0,none,0.0,Arginine,100,1.3,1.1,5.5,4.8,4.5,4.2,3.7
F446,Adalimumab,mAb_IgG1,3.0,148.0,8.7,0.3,135.0,25.0,Histidine,6.0,15,none,0,none,0.0,none,0.0,none,0,1.0,1.0,8.25,7.0,6.3,6.3,1.35
F447,Adalimumab,mAb_IgG1,3.0,148.0,8.7,0.3,135.0,25.0,Histidine,6.0,15,NaCl,140,none,0.0,none,0.0,none,0,1.0,1.0,6.0,5.1,4.6,4.2,3.0
F448,Adalimumab,mAb_IgG1,3.0,148.0,8.7,0.3,135.0,25.0,Histidine,6.0,15,none,0,Sucrose,0.4,none,0.0,none,0,1.0,1.0,6.7,6.7,6.7,6.7,1.4
F449,Adalimumab,mAb_IgG1,3.0,148.0,8.7,0.3,135.0,25.0,Histidine,6.0,15,none,0,none,0.0,tween-80,0.05,none,0,1.0,1.0,6.5,5.9,5.9,5.9,2.7
F450,Adalimumab,mAb_IgG1,3.0,148.0,8.7,0.3,135.0,25.0,Histidine,6.0,15,none,0,none,0.0,none,0.0,Arginine,25,1.0,1.0,9.1,7.0,6.1,5.3,3.6
F451,Adalimumab,mAb_IgG1,3.0,148.0,8.7,0.3,135.0,25.0,Histidine,6.0,15,none,0,none,0.0,none,0.0,Arginine,100,1.0,1.0,4.1,3.4,3.2,3.0,2.6
F452,Adalimumab,mAb_IgG1,3.0,148.0,8.7,0.3,135.0,25.0,Histidine,6.0,15,NaCl,140,none,0.0,none,0.0,Arginine,100,1.0,1.0,7.4,5.2,4.5,3.9,2.6
F453,Adalimumab,mAb_IgG1,3.0,148.0,8.7,0.3,135.0,25.0,Histidine,6.0,15,none,0,Sucrose,0.4,none,0.0,Arginine,100,1.0,1.0,3.2,3.1,3.1,3.1,2.2
F454,Adalimumab,mAb_IgG1,3.0,148.0,8.7,0.3,135.0,25.0,Histidine,6.0,15,none,0,none,0.0,none,0.0,Arginine,250,1.0,1.0,3.0,3.0,3.0,3.0,3.0
F455,Adalimumab,mAb_IgG1,3.0,148.0,8.7,0.3,135.0,25.0,Histidine,6.0,15,none,0,none,0.0,tween-80,0.05,Arginine,100,1.0,1.0,3.1,2.8,2.7,2.6,2.6
F456,Adalimumab,mAb_IgG1,3.0,148.0,8.7,0.3,135.0,25.0,Histidine,6.0,15,none,0,none,0.0,none,0.0,Lysiene,25,1.0,1.0,2.9,2.9,2.9,2.9,2.3
F457,Adalimumab,mAb_IgG1,3.0,148.0,8.7,0.3,135.0,25.0,Histidine,6.0,15,none,0,none,0.0,none,0.0,Lysiene,100,1.0,1.0,4.6,4.6,4.6,4.6,2.6
F458,Adalimumab,mAb_IgG1,3.0,148.0,8.7,0.3,135.0,25.0,Histidine,6.0,15,NaCl,140,none,0.0,none,0.0,Lysiene,100,1.0,1.0,5.3,4.2,3.6,3.2,2.2
F459,Adalimumab,mAb_IgG1,3.0,148.0,8.7,0.3,135.0,25.0,Histidine,6.0,15,none,0,Sucrose,0.4,none,0.0,Lysiene,100,1.0,1.0,5.1,4.3,3.8,3.4,2.6
F460,Adalimumab,mAb_IgG1,3.0,148.0,8.7,0.3,135.0,25.0,Histidine,6.0,15,none,0,none,0.0,tween-80,0.05,Lysiene,100,1.0,1.0,4.2,4.0,4.0,4.0,4.0
F461,Adalimumab,mAb_IgG1,3.0,148.0,8.7,0.3,135.0,25.0,Histidine,6.0,15,none,0,none,0.0,none,0.0,Lysiene,250,1.0,1.0,2.0,1.7,1.6,1.5,1.5
F462,Adalimumab,mAb_IgG1,3.0,148.0,8.7,0.3,135.0,25.0,Histidine,6.0,15,none,0,none,0.0,none,0.0,Proline,25,1.0,1.0,3.9,3.9,3.8,3.8,3.8
F463,Adalimumab,mAb_IgG1,3.0,148.0,8.7,0.3,135.0,25.0,Histidine,6.0,15,none,0,none,0.0,none,0.0,Proline,100,1.0,1.0,4.5,3.4,3.1,2.9,2.4
F464,Adalimumab,mAb_IgG1,3.0,148.0,8.7,0.3,135.0,25.0,Histidine,6.0,15,none,0,none,0.0,none,0.0,Proline,250,1.0,1.0,2.8,2.1,1.7,1.5,1.5
AUG_BSA_200,BSA,other,2.0,66.0,4.7,0.3,200.0,27.5,PBS,7.4,10,NaCl,140,none,0.0,none,0.0,none,0,0.85,0.9,5.4362115566984865,5.065454404108597,4.777187705137087,4.39142265006352,3.7331030757471027
AUG_BSA_225,BSA,other,2.0,66.0,4.7,0.3,225.0,27.5,PBS,7.4,10,NaCl,140,none,0.0,none,0.0,none,0,0.85,0.9,7.097482141188973,6.478949532389252,6.012094471685348,5.4457342690365,4.636464757686673
AUG_BSA_250,BSA,other,2.0,66.0,4.7,0.3,250.0,27.5,PBS,7.4,10,NaCl,140,none,0.0,none,0.0,none,0,0.85,0.9,9.404088720082859,8.387218424792524,7.637157636381654,6.804576922262989,5.806529588630282
AUG_BSA_275,BSA,other,2.0,66.0,4.7,0.3,275.0,27.5,PBS,7.4,10,NaCl,140,none,0.0,none,0.0,none,0,0.85,0.9,12.645429285435512,10.98900774100564,9.792423366475264,8.567207474440513,7.332617362127803
AUG_BSA_300,BSA,other,2.0,66.0,4.7,0.3,300.0,27.5,PBS,7.4,10,NaCl,140,none,0.0,none,0.0,none,0,0.85,0.9,17.25658628260548,14.57223529319704,12.673631529001195,10.86853267172464,9.337144955475946
AUG_BSA_325,BSA,other,2.0,66.0,4.7,0.3,325.0,27.5,PBS,7.4,10,NaCl,140,none,0.0,none,0.0,none,0,0.85,0.9,23.89905053259214,19.55784682634541,16.55634392232317,13.892999505476665,11.98897013496377
AUG_BSA_350,BSA,other,2.0,66.0,4.7,0.3,350.0,27.5,PBS,7.4,10,NaCl,140,none,0.0,none,0.0,none,0,0.85,0.9,33.59006607544782,26.567034250590474,21.831333822718637,17.894295279979612,15.522524519506304
AUG_BSA_375,BSA,other,2.0,66.0,4.7,0.3,375.0,27.5,PBS,7.4,10,NaCl,140,none,0.0,none,0.0,none,0,0.85,0.9,47.91213448478434,36.525172909061695,29.05685256387847,23.223445478086358,20.265416301826317
AUG_BSA_400,BSA,other,2.0,66.0,4.7,0.3,400.0,27.5,PBS,7.4,10,NaCl,140,none,0.0,none,0.0,none,0,0.85,0.9,69.35609461490418,50.82397809673185,39.036362040697924,30.36911811905338,26.678499754843596
AUG_BSA_425,BSA,other,2.0,66.0,4.7,0.3,425.0,27.5,PBS,7.4,10,NaCl,140,none,0.0,none,0.0,none,0,0.85,0.9,101.8892093123832,71.57678699822189,52.93495799123261,40.01577041669797,35.41440721186464
AUG_poly-hIgG_234,poly-hIgG,polyclonal,3.0,150.0,7.6,1.0,234.0,27.5,PBS,7.4,10,NaCl,140,none,0.0,none,0.0,none,0,0.9,0.9,17.138036997351684,15.488072227168727,14.153969025366555,10.752643127243289,5.390412751228802
AUG_BGG_183,BGG,polyclonal,3.0,150.0,6.6,1.0,182.70000000000002,27.5,Acetate,5.0,20,NaCl,140,none,0.0,none,0.0,none,0,0.9,0.9,12.10526843878637,10.461881413578565,10.184128471072299,7.642385806630674,3.9334979684513205
AUG_Adalimumab_240,Adalimumab,mAb_IgG1,3.0,148.0,8.7,0.3,240.3,27.5,PBS,7.4,10,NaCl,140,none,0.0,none,0.0,none,0,1.0,1.0,33.20293475662357,32.592457931658835,25.157776275776857,18.11949159194239,4.827264105186322
AUG_Bevacizumab_225,Bevacizumab,mAb_IgG1,3.0,149.0,8.3,0.3,225.0,27.5,PBS,7.4,10,NaCl,140,none,0.0,none,0.0,none,0,1.0,1.0,10.683494240762549,10.683494240762549,9.79384935104193,6.197515167405583,3.340850383287084
AUG_Pembrolizumab_193,Pembrolizumab,mAb_IgG4,3.5,149.0,7.57,0.3,192.6,25.0,Histidine,6.0,15,none,0,none,0.0,none,0.0,none,0,1.3,1.1,24.527949305852133,24.527949305852133,24.527949305852133,24.527949305852133,10.752643127243289
AUG_Ibalizumab_274,Ibalizumab,mAb_IgG4,3.5,150.0,8.0,0.3,273.6,27.5,Histidine,6.0,15,none,0,none,0.0,none,0.0,none,0,1.3,1.1,9.570058670746027,9.570058670746027,9.064371642537875,6.490708442181159,3.8716069642629938
AUG_Trastuzumab_141,Trastuzumab,mAb_IgG1,3.0,149.0,8.9,0.3,141.3,25.0,Histidine,6.0,15,none,0,none,0.0,none,0.0,none,0,1.0,1.0,3.2857017642432558,3.2857017642432558,3.222548466856717,2.968522372257831,1.7818791283781479
AUG_Belatacept_99,Belatacept,Fc-Fusion,4.5,90.0,5.6,0.5,99.0,25.0,Histidine,6.0,15,none,0,none,0.0,none,0.0,none,0,1.4,1.5,4.887668010771902,4.887668010771902,4.887668010771902,4.706202683055571,2.848623026200712
AUG_Etanercept_135,Etanercept,Fc-Fusion,4.5,150.0,7.9,0.6,135.0,25.0,Histidine,6.0,15,none,0,none,0.0,none,0.0,none,0,1.4,1.5,51.540107018393236,51.540107018393236,46.87564554037848,32.54356516821223,8.299852399462415
