,ID,Protein_type,Protein_class_type,kP,MW,PI_mean,PI_range,Protein_conc,Temperature,Buffer_type,Buffer_pH,Buffer_conc,Salt_type,Salt_conc,Stabilizer_type,Stabilizer_conc,Surfactant_type,Surfactant_conc,Excipient_type,Excipient_conc,C_Class,HCI,Viscosity_100,Viscosity_1000,Viscosity_10000,Viscosity_100000,Viscosity_15000000
0,F1,poly-hIgG,polyclonal,3.0,150.0,7.6,1.0,145.0,27.5,PBS,7.4,10.0,NaCl,140,Sucrose,1.0,none,0.0,none,0.0,0.9,0.9,14.38,13.23,11.27,9.24,6.92
1,F2,none,none,0.0,,0.0,0.0,0.0,27.5,PBS,7.4,10.0,NaCl,140,Sucrose,1.0,none,0.0,none,0.0,0.0,0.0,3.25,3.25,3.25,3.25,3.25
2,F3,poly-hIgG,polyclonal,3.0,150.0,7.6,1.0,140.0,27.5,PBS,7.4,10.0,NaCl,140,none,0.0,none,0.0,none,0.0,0.9,0.9,4.6,4.6,4.6,3.68,2.41
3,F4,none,none,0.0,,0.0,0.0,0.0,25.0,PBS,7.4,10.0,NaCl,140,none,0.0,none,0.0,none,0.0,0.0,0.0,0.95,0.95,0.95,0.95,0.95
4,F5,poly-hIgG,polyclonal,3.0,150.0,7.6,1.0,142.0,27.5,PBS,7.4,10.0,NaCl,140,Sucrose,0.5,none,0.0,none,0.0,0.9,0.9,8.31,8.31,8.31,6.83,4.6
5,F6,poly-hIgG,polyclonal,3.0,150.0,7.6,1.0,70.0,27.5,PBS,7.4,10.0,NaCl,140,Sucrose,1.0,none,0.0,none,0.0,0.9,0.9,8.84,8.84,8.84,6.93,4.16
6,F7,poly-hIgG,polyclonal,3.0,150.0,7.6,1.0,93.0,27.5,PBS,7.4,10.0,NaCl,140,none,0.0,none,0.0,none,0.0,0.9,0.9,2.44,2.44,2.44,2.23,2.0
7,F8,poly-hIgG,polyclonal,3.0,150.0,7.6,1.0,47.0,27.5,PBS,7.4,10.0,NaCl,140,none,0.0,none,0.0,none,0.0,0.9,0.9,1.84,1.84,1.84,1.68,1.2
8,F9,poly-hIgG,polyclonal,3.0,150.0,7.6,1.0,140.0,27.5,PBS,7.4,10.0,NaCl,140,Sucrose,0.25,none,0.0,none,0.0,0.9,0.9,6.15,5.35,5.35,4.62,3.26
9,F10,poly-hIgG,polyclonal,3.0,150.0,7.6,1.0,52.0,27.5,PBS,7.4,10.0,NaCl,140,Sucrose,0.75,none,0.0,none,0.0,0.9,0.9,3.57,3.57,3.34,2.89,2.58
10,F11,poly-hIgG,polyclonal,3.0,150.0,7.6,1.0,145.0,27.5,PBS,7.4,10.0,NaCl,140,Sucrose,1.0,none,0.0,none,0.0,0.9,0.9,14.72,14.49,14.49,11.55,6.92
11,F12,poly-hIgG,polyclonal,3.0,150.0,7.6,1.0,137.0,27.5,PBS,7.4,10.0,NaCl,140,none,0.0,tween-20,0.1,none,0.0,0.9,0.9,4.14,4.14,4.14,3.15,2.25
12,F13,poly-hIgG,polyclonal,3.0,150.0,7.6,1.0,142.0,27.5,PBS,7.4,10.0,NaCl,140,Sucrose,1.0,tween-20,0.1,none,0.0,0.9,0.9,17.25,17.25,17.25,14.7,13.0
13,F14,none,none,0.0,0.0,0.0,0.0,0.0,25.0,PBS,7.4,10.0,NaCl,140,Sucrose,0.1,none,0.0,none,0.0,0.0,0.0,1.15,1.15,1.15,1.15,1.15
14,F15,none,none,0.0,0.0,0.0,0.0,0.0,25.0,PBS,7.4,10.0,NaCl,140,Sucrose,0.2,none,0.0,none,0.0,0.0,0.0,1.25,1.25,1.25,1.25,1.25
15,F16,none,none,0.0,0.0,0.0,0.0,0.0,25.0,PBS,7.4,10.0,NaCl,140,Sucrose,0.4,none,0.0,none,0.0,0.0,0.0,1.5,1.5,1.5,1.5,1.5
16,F17,none,none,0.0,0.0,0.0,0.0,0.0,25.0,PBS,7.4,10.0,NaCl,140,Sucrose,0.5,none,0.0,none,0.0,0.0,0.0,1.65,1.65,1.65,1.65,1.65
17,F18,none,none,0.0,0.0,0.0,0.0,0.0,25.0,PBS,7.4,10.0,NaCl,140,Sucrose,0.75,none,0.0,none,0.0,0.0,0.0,2.25,2.25,2.25,2.25,2.25
18,F19,poly-hIgG,polyclonal,3.0,150.0,7.6,1.0,260.0,27.5,PBS,7.4,10.0,NaCl,140,none,0.0,none,0.0,none,0.0,0.9,0.9,27.03,24.15,21.85,14.7,6.5
19,F20,poly-hIgG,polyclonal,3.0,150.0,7.6,1.0,240.0,27.5,PBS,7.4,10.0,NaCl,140,Sucrose,1.0,none,0.0,none,0.0,0.9,0.9,76.59,56.35,37.95,29.4,18.0
20,F21,BSA,other,2.0,66.0,4.7,0.3,185.0,27.5,PBS,7.4,10.0,NaCl,140,Sucrose,0.41,none,0.0,none,0.0,0.85,0.9,9.09,9.09,8.63,6.93,3.58
21,F22,BSA,other,2.0,66.0,4.7,0.3,83.3,27.5,PBS,7.4,10.0,NaCl,140,Sucrose,0.19,none,0.0,none,0.0,0.85,0.9,2.19,2.19,2.19,2.0,1.56
22,F23,poly-hIgG,polyclonal,3.0,150.0,7.6,1.0,38.3,27.5,PBS,7.4,10.0,NaCl,140,none,0.0,tween-20,0.21,none,0.0,0.9,0.9,1.32,1.32,1.32,1.21,1.15
23,F24,poly-hIgG,polyclonal,3.0,150.0,7.6,1.0,124.0,27.5,PBS,7.4,10.0,NaCl,140,none,0.0,tween-20,0.09,none,0.0,0.9,0.9,2.99,2.99,2.99,2.73,2.6
24,F25,poly-hIgG,polyclonal,3.0,150.0,7.6,1.0,189.0,27.5,PBS,7.4,10.0,NaCl,140,none,0.0,tween-20,0.05,none,0.0,0.9,0.9,9.2,9.2,9.2,6.83,4.17
25,F26,poly-hIgG,polyclonal,3.0,150.0,7.6,1.0,95.0,27.5,PBS,7.4,10.0,NaCl,140,Sucrose,0.46,none,0.0,none,0.0,0.9,0.9,4.37,3.85,3.85,3.15,2.24
26,F27,poly-hIgG,polyclonal,3.0,150.0,7.6,1.0,164.0,27.5,PBS,7.4,10.0,NaCl,140,Sucrose,0.3,tween-20,0.1,none,0.0,0.9,0.9,7.82,6.9,6.67,5.15,4.0
27,F28,BSA,other,2.0,66.0,4.7,0.3,177.0,27.5,PBS,7.4,10.0,NaCl,140,none,0.0,none,0.0,none,0.0,0.85,0.9,5.06,4.6,4.6,3.99,3.0
28,F29,none,none,0.0,0.0,0.0,0.0,0.0,25.0,PBS,7.4,10.0,NaCl,140,none,0.0,tween-20,0.1,none,0.0,0.0,0.0,1.0,1.0,1.0,1.0,1.0
29,F30,none,none,0.0,0.0,0.0,0.0,0.0,25.0,PBS,7.4,10.0,NaCl,140,none,0.0,tween-20,0.05,none,0.0,0.0,0.0,0.97,0.97,0.97,0.97,0.97
30,F31,none,none,0.0,0.0,0.0,0.0,0.0,25.0,PBS,7.4,10.0,NaCl,140,Sucrose,0.1,tween-20,0.1,none,0.0,0.0,0.0,1.2,1.2,1.2,1.2,1.2
31,F32,none,none,0.0,0.0,0.0,0.0,0.0,25.0,PBS,7.4,10.0,NaCl,140,Sucrose,0.2,tween-20,0.1,none,0.0,0.0,0.0,1.3,1.3,1.3,1.3,1.3
32,F33,none,none,0.0,0.0,0.0,0.0,0.0,25.0,PBS,7.4,10.0,NaCl,140,Sucrose,0.4,tween-20,0.1,none,0.0,0.0,0.0,1.55,1.55,1.55,1.55,1.55
33,F34,none,none,0.0,0.0,0.0,0.0,0.0,25.0,PBS,7.4,10.0,NaCl,140,Sucrose,0.75,tween-20,0.1,none,0.0,0.0,0.0,2.32,2.32,2.32,2.32,2.32
34,F35,none,none,0.0,0.0,0.0,0.0,0.0,25.0,PBS,7.4,10.0,NaCl,140,Sucrose,0.1,tween-20,0.05,none,0.0,0.0,0.0,1.17,1.17,1.17,1.17,1.17
35,F36,none,none,0.0,0.0,0.0,0.0,0.0,25.0,PBS,7.4,10.0,NaCl,140,Sucrose,0.2,tween-20,0.05,none,0.0,0.0,0.0,1.27,1.27,1.27,1.27,1.27
36,F37,none,none,0.0,0.0,0.0,0.0,0.0,25.0,PBS,7.4,10.0,NaCl,140,Sucrose,0.4,tween-20,0.05,none,0.0,0.0,0.0,1.52,1.52,1.52,1.52,1.52
37,F38,none,none,0.0,0.0,0.0,0.0,0.0,25.0,PBS,7.4,10.0,NaCl,140,Sucrose,0.75,tween-20,0.05,none,0.0,0.0,0.0,2.29,2.29,2.29,2.29,2.29
38,F39,none,none,0.0,0.0,0.0,0.0,0.0,25.0,PBS,7.4,10.0,NaCl,140,none,0.0,tween-80,0.1,none,0.0,0.0,0.0,1.07,1.07,1.07,1.07,1.07
39,F40,none,none,0.0,0.0,0.0,0.0,0.0,25.0,PBS,7.4,10.0,NaCl,140,none,0.0,tween-80,0.05,none,0.0,0.0,0.0,1.0,1.0,1.0,1.0,1.0
40,F41,none,none,0.0,0.0,0.0,0.0,0.0,25.0,PBS,7.4,10.0,NaCl,140,Sucrose,0.1,tween-80,0.1,none,0.0,0.0,0.0,1.27,1.27,1.27,1.27,1.27
41,F42,none,none,0.0,0.0,0.0,0.0,0.0,25.0,PBS,7.4,10.0,NaCl,140,Sucrose,0.2,tween-80,0.1,none,0.0,0.0,0.0,1.38,1.38,1.38,1.38,1.38
42,F43,none,none,0.0,0.0,0.0,0.0,0.0,25.0,PBS,7.4,10.0,NaCl,140,Sucrose,0.4,tween-80,0.1,none,0.0,0.0,0.0,1.64,1.64,1.64,1.64,1.64
43,F44,none,none,0.0,0.0,0.0,0.0,0.0,25.0,PBS,7.4,10.0,NaCl,140,Sucrose,0.75,tween-80,0.1,none,0.0,0.0,0.0,2.42,2.42,2.42,2.42,2.42
44,F45,none,none,0.0,0.0,0.0,0.0,0.0,25.0,PBS,7.4,10.0,NaCl,140,Sucrose,0.1,tween-80,0.05,none,0.0,0.0,0.0,1.2,1.2,1.2,1.2,1.2
45,F46,none,none,0.0,0.0,0.0,0.0,0.0,25.0,PBS,7.4,10.0,NaCl,140,Sucrose,0.2,tween-80,0.05,none,0.0,0.0,0.0,1.3,1.3,1.3,1.3,1.3
46,F47,none,none,0.0,0.0,0.0,0.0,0.0,25.0,PBS,7.4,10.0,NaCl,140,Sucrose,0.4,tween-80,0.05,none,0.0,0.0,0.0,1.55,1.55,1.55,1.55,1.55
47,F48,none,none,0.0,0.0,0.0,0.0,0.0,25.0,PBS,7.4,10.0,NaCl,140,Sucrose,0.75,tween-80,0.05,none,0.0,0.0,0.0,2.32,2.32,2.32,2.32,2.32
48,F49,BGG,polyclonal,3.0,150.0,6.6,1.0,85.0,27.5,PBS,7.4,10.0,NaCl,140,Sucrose,0.22,none,0.0,none,0.0,0.9,0.9,3.45,3.45,3.45,3.15,2.95
49,F50,BGG,polyclonal,3.0,150.0,6.6,1.0,43.6,27.5,PBS,7.4,10.0,NaCl,140,none,0.0,tween-80,0.15,none,0.0,0.9,0.9,1.55,1.55,1.55,1.42,1.3
50,F51,BGG,polyclonal,3.0,150.0,6.6,1.0,64.0,27.5,PBS,7.4,10.0,NaCl,140,Sucrose,0.704,tween-80,0.037,none,0.0,0.9,0.9,3.62,3.62,3.62,3.31,3.15
51,F52,BGG,polyclonal,3.0,150.0,6.6,1.0,85.7,27.5,PBS,7.4,10.0,NaCl,140,none,0.0,tween-20,0.0624,none,0.0,0.9,0.9,2.74,2.74,2.74,2.42,2.0
52,F53,poly-hIgG,polyclonal,3.0,150.0,7.6,1.0,86.4,27.5,PBS,7.4,10.0,NaCl,140,none,0.0,tween-80,0.003,none,0.0,0.9,0.9,2.53,2.53,2.53,2.1,1.75
53,F54,poly-hIgG,polyclonal,3.0,150.0,7.6,1.0,141.0,27.5,PBS,7.4,10.0,NaCl,140,none,0.0,tween-80,0.1067,none,0.0,0.9,0.9,5.87,3.62,3.57,3.2,2.75
54,F55,poly-hIgG,polyclonal,3.0,150.0,7.6,1.0,75.0,27.5,PBS,7.4,10.0,NaCl,140,Sucrose,0.28,tween-20,0.228,none,0.0,0.9,0.9,2.88,2.51,2.3,2.0,1.73
55,F56,BSA,other,2.0,66.0,4.7,0.3,132.0,27.5,PBS,7.4,10.0,NaCl,140,Sucrose,0.46,tween-20,0.123,none,0.0,0.85,0.9,3.51,3.51,3.51,3.2,3.05
56,F57,BSA,other,2.0,66.0,4.7,0.3,83.0,27.5,PBS,7.4,10.0,NaCl,140,none,0.0,tween-20,0.218,none,0.0,0.85,0.9,2.24,2.22,1.84,1.63,1.47
57,F58,poly-hIgG,polyclonal,3.0,150.0,7.6,1.0,51.7,27.5,Histidine,6.0,100.0,NaCl,140,Sucrose,1.01,none,0.0,none,0.0,0.9,0.9,6.33,6.33,6.33,5.78,5.5
58,F59,poly-hIgG,polyclonal,3.0,150.0,7.6,1.0,118.7,27.5,Histidine,6.0,100.0,NaCl,140,Sucrose,0.53,none,0.0,none,0.0,0.9,0.9,6.33,5.18,5.06,4.41,3.88
59,F60,none,none,0.0,0.0,0.0,0.0,0.0,25.0,PBS,7.4,10.0,NaCl,140,Trehalose,0.5,none,0.0,none,0.0,0.0,0.0,1.38,1.38,1.38,1.38,1.38
60,F61,none,none,0.0,0.0,0.0,0.0,0.0,25.0,PBS,7.4,10.0,NaCl,140,Trehalose,1.0,none,0.0,none,0.0,0.0,0.0,3.05,3.05,3.05,3.05,3.05
61,F62,none,none,0.0,0.0,0.0,0.0,0.0,25.0,Histidine,6.0,100.0,NaCl,140,none,0.0,none,0.0,none,0.0,0.0,0.0,0.98,0.98,0.98,0.98,0.98
62,F63,none,none,0.0,0.0,0.0,0.0,0.0,25.0,Histidine,6.0,100.0,NaCl,140,Sucrose,1.0,none,0.0,none,0.0,0.0,0.0,3.3,3.3,3.3,3.3,3.3
63,F64,none,none,0.0,0.0,0.0,0.0,0.0,25.0,Histidine,6.0,100.0,NaCl,140,none,0.0,tween-20,0.1,none,0.0,0.0,0.0,1.04,1.04,1.04,1.04,1.04
64,F65,none,none,0.0,0.0,0.0,0.0,0.0,25.0,Histidine,6.0,100.0,NaCl,140,none,0.0,tween-20,0.05,none,0.0,0.0,0.0,1.01,1.01,1.01,1.01,1.01
65,F66,none,none,0.0,0.0,0.0,0.0,0.0,25.0,Histidine,6.0,100.0,NaCl,140,none,0.0,tween-80,0.1,none,0.0,0.0,0.0,1.11,1.11,1.11,1.11,1.11
66,F67,none,none,0.0,0.0,0.0,0.0,0.0,25.0,Histidine,6.0,100.0,NaCl,140,none,0.0,tween-80,0.05,none,0.0,0.0,0.0,1.04,1.04,1.04,1.04,1.04
67,F68,none,none,0.0,0.0,0.0,0.0,0.0,25.0,Histidine,6.0,100.0,NaCl,140,Sucrose,0.1,tween-20,0.1,none,0.0,0.0,0.0,1.24,1.24,1.24,1.24,1.24
68,F69,none,none,0.0,0.0,0.0,0.0,0.0,25.0,Histidine,6.0,100.0,NaCl,140,Sucrose,0.2,tween-20,0.1,none,0.0,0.0,0.0,1.33,1.33,1.33,1.33,1.33
69,F70,none,none,0.0,0.0,0.0,0.0,0.0,25.0,Histidine,6.0,100.0,NaCl,140,Sucrose,0.4,tween-20,0.1,none,0.0,0.0,0.0,1.6,1.6,1.6,1.6,1.6
70,F71,none,none,0.0,0.0,0.0,0.0,0.0,25.0,Histidine,6.0,100.0,NaCl,140,Sucrose,0.75,tween-20,0.1,none,0.0,0.0,0.0,2.35,2.35,2.35,2.35,2.35
71,F72,none,none,0.0,0.0,0.0,0.0,0.0,25.0,Histidine,6.0,100.0,NaCl,140,Sucrose,0.1,tween-20,0.05,none,0.0,0.0,0.0,1.21,1.21,1.21,1.21,1.21
72,F73,none,none,0.0,0.0,0.0,0.0,0.0,25.0,Histidine,6.0,100.0,NaCl,140,Sucrose,0.2,tween-20,0.05,none,0.0,0.0,0.0,1.31,1.31,1.31,1.31,1.31
73,F74,none,none,0.0,0.0,0.0,0.0,0.0,25.0,Histidine,6.0,100.0,NaCl,140,Sucrose,0.4,tween-20,0.05,none,0.0,0.0,0.0,1.56,1.56,1.56,1.56,1.56
74,F75,none,none,0.0,0.0,0.0,0.0,0.0,25.0,Histidine,6.0,100.0,NaCl,140,Sucrose,0.75,tween-20,0.05,none,0.0,0.0,0.0,2.33,2.33,2.33,2.33,2.33
75,F76,none,none,0.0,0.0,0.0,0.0,0.0,25.0,Histidine,6.0,100.0,NaCl,140,Trehalose,0.5,none,0.0,none,0.0,0.0,0.0,1.42,1.42,1.42,1.42,1.42
76,F77,none,none,0.0,0.0,0.0,0.0,0.0,25.0,Histidine,6.0,100.0,NaCl,140,Trehalose,1.0,none,0.0,none,0.0,0.0,0.0,3.1,3.1,3.1,3.1,3.1
77,F78,none,none,0.0,0.0,0.0,0.0,0.0,25.0,Histidine,6.0,100.0,NaCl,140,Trehalose,0.5,none,0.0,none,0.0,0.0,0.0,1.42,1.42,1.42,1.42,1.42
78,F79,none,none,0.0,0.0,0.0,0.0,0.0,25.0,Histidine,6.0,100.0,NaCl,140,Trehalose,1.0,none,0.0,none,0.0,0.0,0.0,3.1,3.1,3.1,3.1,3.1
79,F80,none,none,0.0,0.0,0.0,0.0,0.0,25.0,Histidine,6.0,100.0,NaCl,140,Trehalose,0.5,tween-20,0.1,none,0.0,0.0,0.0,1.47,1.47,1.47,1.47,1.47
80,F81,none,none,0.0,0.0,0.0,0.0,0.0,25.0,Histidine,6.0,100.0,NaCl,140,Trehalose,1.0,tween-20,0.1,none,0.0,0.0,0.0,3.15,3.15,3.15,3.15,3.15
81,F82,none,none,0.0,0.0,0.0,0.0,0.0,25.0,Histidine,6.0,100.0,NaCl,140,Trehalose,0.5,tween-80,0.1,none,0.0,0.0,0.0,1.54,1.54,1.54,1.54,1.54
82,F83,none,none,0.0,0.0,0.0,0.0,0.0,25.0,Histidine,6.0,100.0,NaCl,140,Trehalose,1.0,tween-80,0.1,none,0.0,0.0,0.0,3.22,3.22,3.22,3.22,3.22
83,F84,BSA,other,2.0,66.0,4.7,0.3,145.0,27.5,PBS,7.4,10.0,NaCl,140,Trehalose,1.0,none,0.0,none,0.0,0.85,0.9,10.35,10.35,10.35,10.35,10.35
84,F85,BGG,polyclonal,3.0,150.0,6.6,1.0,163.0,27.5,PBS,7.4,10.0,NaCl,140,Trehalose,1.0,none,0.0,none,0.0,0.9,0.9,18.06,18.06,14.95,12.43,9.5
85,F86,poly-hIgG,polyclonal,3.0,150.0,7.6,1.0,166.0,27.5,PBS,7.4,10.0,NaCl,140,Trehalose,1.0,none,0.0,none,0.0,0.9,0.9,19.09,19.09,19.09,16.72,9.3
86,F87,BSA,other,2.0,66.0,4.7,0.3,65.0,27.5,PBS,7.4,10.0,NaCl,140,Trehalose,1.0,none,0.0,none,0.0,0.85,0.9,4.95,4.95,4.95,4.95,4.3
87,F88,BGG,polyclonal,3.0,150.0,6.6,1.0,77.0,27.5,PBS,7.4,10.0,NaCl,140,Trehalose,1.0,none,0.0,none,0.0,0.9,0.9,5.75,5.75,5.75,5.75,5.7
88,F89,poly-hIgG,polyclonal,3.0,150.0,7.6,1.0,72.0,27.5,PBS,7.4,10.0,NaCl,140,Trehalose,1.0,none,0.0,none,0.0,0.9,0.9,5.87,5.06,5.06,5.06,4.4
89,F90,BGG,polyclonal,3.0,150.0,6.6,1.0,66.0,27.5,PBS,7.4,10.0,NaCl,140,Trehalose,0.47,none,0.0,none,0.0,0.9,0.9,2.42,2.42,2.42,2.42,2.4
90,F91,BSA,other,2.0,66.0,4.7,0.3,67.0,27.5,PBS,7.4,10.0,NaCl,140,Trehalose,0.466,none,0.0,none,0.0,0.85,0.9,2.76,2.65,2.42,2.42,2.0
91,F92,poly-hIgG,polyclonal,3.0,150.0,7.6,1.0,68.0,27.5,PBS,7.4,10.0,NaCl,140,Trehalose,0.447,none,0.0,none,0.0,0.9,0.9,3.45,2.88,2.71,2.71,2.7
92,F93,BGG,polyclonal,3.0,150.0,6.6,1.0,152.0,27.5,Histidine,6.0,100.0,NaCl,140,none,0.0,none,0.0,none,0.0,0.9,0.9,4.72,4.72,4.72,4.2,2.7
93,F94,BGG,polyclonal,3.0,150.0,6.6,1.0,87.0,27.5,Histidine,6.0,100.0,NaCl,140,none,0.0,none,0.0,none,0.0,0.9,0.9,2.88,2.88,2.88,2.53,1.8
94,F95,BGG,polyclonal,3.0,150.0,6.6,1.0,66.0,27.5,Histidine,6.0,100.0,NaCl,140,none,0.0,none,0.0,none,0.0,0.9,0.9,1.92,1.92,1.92,1.92,1.9
95,F96,BGG,polyclonal,3.0,150.0,6.6,1.0,57.0,27.5,Histidine,6.0,100.0,NaCl,140,none,0.0,none,0.0,none,0.0,0.9,0.9,1.61,1.61,1.61,1.61,1.6
96,F97,BGG,polyclonal,3.0,150.0,6.6,1.0,165.0,27.5,Histidine,6.0,100.0,NaCl,140,none,0.0,none,0.0,none,0.0,0.9,0.9,8.05,7.25,6.9,5.8,4.25
97,F98,poly-hIgG,polyclonal,3.0,150.0,7.6,1.0,144.0,27.5,Histidine,6.0,100.0,NaCl,140,none,0.0,none,0.0,none,0.0,0.9,0.9,6.33,5.98,5.98,5.28,3.7
98,F99,poly-hIgG,polyclonal,3.0,150.0,7.6,1.0,94.0,27.5,Histidine,6.0,100.0,NaCl,140,none,0.0,none,0.0,none,0.0,0.9,0.9,2.86,2.86,2.86,2.6,1.68
99,F100,poly-hIgG,polyclonal,3.0,150.0,7.6,1.0,66.0,27.5,Histidine,6.0,100.0,NaCl,140,none,0.0,none,0.0,none,0.0,0.9,0.9,1.61,1.61,1.61,1.61,1.6
100,F101,poly-hIgG,polyclonal,3.0,150.0,7.6,1.0,45.0,27.5,Histidine,6.0,100.0,NaCl,140,none,0.0,none,0.0,none,0.0,0.9,0.9,1.32,1.32,1.32,1.32,1.3
101,F102,poly-hIgG,polyclonal,3.0,150.0,7.6,1.0,165.0,27.5,Histidine,6.0,100.0,NaCl,140,none,0.0,none,0.0,none,0.0,0.9,0.9,7.36,7.36,7.36,6.6,4.18
102,F103,BGG,polyclonal,3.0,150.0,6.6,1.0,95.85,27.5,Histidine,6.0,100.0,NaCl,140,none,0.0,tween-20,0.1,none,0.0,0.9,0.9,4.36,4.36,4.04,3.47,2.8
103,F104,BGG,polyclonal,3.0,150.0,6.6,1.0,150.8,27.5,Histidine,6.0,100.0,NaCl,140,none,0.0,tween-80,0.25,none,0.0,0.9,0.9,6.24,7.16,7.16,5.97,3.85
104,F105,BGG,polyclonal,3.0,150.0,6.6,1.0,44.0,27.5,Histidine,6.0,100.0,NaCl,140,Sucrose,0.25,tween-20,0.15,none,0.0,0.9,0.9,2.02,2.02,2.02,2.02,2.0
105,F106,BGG,polyclonal,3.0,150.0,6.6,1.0,71.5,27.5,Histidine,6.0,100.0,NaCl,140,Sucrose,0.75,tween-80,0.2,none,0.0,0.9,0.9,5.23,5.23,5.23,4.6,4.18
106,F107,poly-hIgG,polyclonal,3.0,150.0,7.6,1.0,135.0,27.5,Histidine,6.0,100.0,NaCl,140,none,0.0,tween-20,0.2,none,0.0,0.9,0.9,3.67,3.67,3.67,3.26,2.96
107,F108,poly-hIgG,polyclonal,3.0,150.0,7.6,1.0,174.0,27.5,Histidine,6.0,100.0,NaCl,140,none,0.0,tween-80,0.1,none,0.0,0.9,0.9,6.89,6.89,6.89,5.53,4.82
108,F109,poly-hIgG,polyclonal,3.0,150.0,7.6,1.0,89.0,27.5,Histidine,6.0,100.0,NaCl,140,Sucrose,0.5,tween-20,0.05,none,0.0,0.9,0.9,3.94,4.22,4.31,4.0,3.64
109,F110,poly-hIgG,polyclonal,3.0,150.0,7.6,1.0,63.0,27.5,Histidine,6.0,100.0,NaCl,140,Sucrose,1.0,tween-80,0.15,none,0.0,0.9,0.9,6.24,6.24,6.24,6.24,5.43
110,F111,poly-hIgG,polyclonal,3.0,150.0,7.6,1.0,202.0,27.5,Histidine,6.0,100.0,NaCl,140,none,0.0,tween-20,0.02,none,0.0,0.9,0.9,12.58,12.31,12.31,8.53,5.04
111,F112,poly-hIgG,polyclonal,3.0,150.0,7.6,1.0,202.0,27.5,Histidine,6.0,100.0,NaCl,140,none,0.0,tween-80,0.02,none,0.0,0.9,0.9,11.66,10.29,10.29,7.82,6.33
112,F113,poly-hIgG,polyclonal,3.0,150.0,7.6,1.0,211.0,27.5,PBS,7.4,10.0,NaCl,140,none,0.0,tween-20,0.02,none,0.0,0.9,0.9,13.69,12.77,11.29,7.91,6.0
113,F114,poly-hIgG,polyclonal,3.0,150.0,7.6,1.0,211.0,27.5,PBS,7.4,10.0,NaCl,140,none,0.0,tween-80,0.02,none,0.0,0.9,0.9,12.67,12.67,12.67,7.72,6.0
114,F115,BSA,other,2.0,66.0,4.7,0.3,98.0,27.5,Histidine,6.0,100.0,NaCl,140,none,0.0,none,0.0,none,0.0,0.85,0.9,1.43,1.43,1.43,1.43,1.4
115,F116,BSA,other,2.0,66.0,4.7,0.3,127.0,27.5,Histidine,6.0,100.0,NaCl,140,none,0.0,none,0.0,none,0.0,0.85,0.9,2.76,2.3,2.3,2.21,1.92
116,F117,BSA,other,2.0,66.0,4.7,0.3,194.0,27.5,Histidine,6.0,100.0,NaCl,140,none,0.0,none,0.0,none,0.0,0.85,0.9,3.83,3.83,3.83,3.5,2.5
117,F118,BSA,other,2.0,66.0,4.7,0.3,266.0,27.5,Histidine,6.0,100.0,NaCl,140,none,0.0,none,0.0,none,0.0,0.85,0.9,12.35,7.99,7.99,6.29,5.5
118,F119,BSA,other,2.0,66.0,4.7,0.3,72.0,27.5,PBS,7.4,10.0,NaCl,140,none,0.0,none,0.0,none,0.0,0.85,0.9,1.75,1.68,1.61,1.5,1.36
119,F120,BSA,other,2.0,66.0,4.7,0.3,131.0,27.5,PBS,7.4,10.0,NaCl,140,none,0.0,none,0.0,none,0.0,0.85,0.9,3.4,2.76,2.3,2.02,1.7
120,F121,BSA,other,2.0,66.0,4.7,0.3,183.0,27.5,PBS,7.4,10.0,NaCl,140,none,0.0,none,0.0,none,0.0,0.85,0.9,3.76,3.55,3.22,2.76,2.0
121,F122,BSA,other,2.0,66.0,4.7,0.3,265.0,27.5,PBS,7.4,10.0,NaCl,140,none,0.0,none,0.0,none,0.0,0.85,0.9,6.89,6.89,6.7,5.71,4.4
122,F123,BSA,other,2.0,66.0,4.7,0.3,193.0,27.5,Acetate,5.0,20.0,NaCl,140,none,0.0,none,0.0,none,0.0,0.85,0.9,5.32,5.32,5.32,4.61,3.35
123,F124,BSA,other,2.0,66.0,4.7,0.3,66.0,27.5,Acetate,5.0,20.0,NaCl,140,none,0.0,none,0.0,none,0.0,0.85,0.9,1.47,1.47,1.47,1.47,1.47
124,F125,BSA,other,2.0,66.0,4.7,0.3,110.0,27.5,Acetate,5.0,20.0,NaCl,140,none,0.0,none,0.0,none,0.0,0.85,0.9,2.25,2.25,2.25,2.11,1.25
125,F126,BSA,other,2.0,66.0,4.7,0.3,132.0,27.5,Acetate,5.0,20.0,NaCl,140,none,0.0,none,0.0,none,0.0,0.85,0.9,2.76,2.76,2.76,2.76,2.4
126,F127,poly-hIgG,polyclonal,3.0,150.0,7.6,1.0,213.0,27.5,Acetate,5.0,20.0,NaCl,140,none,0.0,none,0.0,none,0.0,0.9,0.9,13.5,12.48,11.02,6.54,4.35
127,F128,poly-hIgG,polyclonal,3.0,150.0,7.6,1.0,63.0,27.5,Acetate,5.0,20.0,NaCl,140,none,0.0,none,0.0,none,0.0,0.9,0.9,1.84,1.84,1.84,1.84,1.8
128,F129,poly-hIgG,polyclonal,3.0,150.0,7.6,1.0,101.0,27.5,Acetate,5.0,20.0,NaCl,140,none,0.0,none,0.0,none,0.0,0.9,0.9,2.44,2.44,2.44,2.35,2.2
129,F130,poly-hIgG,polyclonal,3.0,150.0,7.6,1.0,167.0,27.5,Acetate,5.0,20.0,NaCl,140,none,0.0,none,0.0,none,0.0,0.9,0.9,4.59,4.59,4.59,3.51,2.77
130,F131,BGG,polyclonal,3.0,150.0,6.6,1.0,203.0,27.5,Acetate,5.0,20.0,NaCl,140,none,0.0,none,0.0,none,0.0,0.9,0.9,18.37,15.62,15.16,10.06,4.58
131,F132,BGG,polyclonal,3.0,150.0,6.6,1.0,79.0,27.5,Acetate,5.0,20.0,NaCl,140,none,0.0,none,0.0,none,0.0,0.9,0.9,1.75,1.71,1.66,1.66,1.44
132,F133,BGG,polyclonal,3.0,150.0,6.6,1.0,108.0,27.5,Acetate,5.0,20.0,NaCl,140,none,0.0,none,0.0,none,0.0,0.9,0.9,2.67,2.67,2.67,2.46,2.16
133,F134,BGG,polyclonal,3.0,150.0,6.6,1.0,163.0,27.5,Acetate,5.0,20.0,NaCl,140,none,0.0,none,0.0,none,0.0,0.9,0.9,5.05,5.05,5.05,4.65,4.23
134,F135,BSA,other,2.0,66.0,4.7,0.3,150.0,27.5,Acetate,5.0,20.0,NaCl,140,Sucrose,0.51,none,0.0,none,0.0,0.85,0.9,5.05,5.05,5.05,4.74,4.11
135,F136,BSA,other,2.0,66.0,4.7,0.3,94.0,27.5,Acetate,5.0,20.0,NaCl,140,Sucrose,0.978,none,0.0,none,0.0,0.85,0.9,6.7,6.7,6.7,6.15,5.59
136,F137,poly-hIgG,polyclonal,3.0,150.0,7.6,1.0,171.0,27.5,Acetate,5.0,20.0,NaCl,140,Sucrose,0.488,none,0.0,none,0.0,0.9,0.9,10.97,10.11,9.46,6.54,4.17
137,F138,poly-hIgG,polyclonal,3.0,150.0,7.6,1.0,111.0,27.5,Acetate,5.0,20.0,NaCl,140,Sucrose,0.986,none,0.0,none,0.0,0.9,0.9,11.02,10.11,9.19,6.88,5.75
138,F139,BGG,polyclonal,3.0,150.0,6.6,1.0,159.0,27.5,Acetate,5.0,20.0,NaCl,140,Sucrose,0.476,none,0.0,none,0.0,0.9,0.9,9.65,9.65,9.65,6.71,4.65
139,F140,BGG,polyclonal,3.0,150.0,6.6,1.0,97.0,27.5,Acetate,5.0,20.0,NaCl,140,Sucrose,1.0,none,0.0,none,0.0,0.9,0.9,12.31,10.11,10.11,7.55,6.24
140,F141,BGG,polyclonal,3.0,150.0,6.6,1.0,181.0,27.5,Acetate,5.0,20.0,NaCl,140,Sucrose,0.1,none,0.0,none,0.0,0.9,0.9,15.62,15.62,13.78,8.64,4.14
141,F142,BGG,polyclonal,3.0,150.0,6.6,1.0,154.0,27.5,Acetate,5.0,20.0,NaCl,140,Sucrose,0.1,none,0.0,none,0.0,0.9,0.9,6.43,5.97,5.97,4.61,3.45
142,F143,BGG,polyclonal,3.0,150.0,6.6,1.0,102.0,27.5,Acetate,5.0,20.0,NaCl,140,Sucrose,0.1,none,0.0,none,0.0,0.9,0.9,2.76,2.76,2.76,2.46,2.0
143,F144,BGG,polyclonal,3.0,150.0,6.6,1.0,75.0,27.5,Acetate,5.0,20.0,NaCl,140,Sucrose,0.1,none,0.0,none,0.0,0.9,0.9,2.02,2.02,2.02,2.02,1.76
144,F145,BSA,other,2.0,66.0,4.7,0.3,183.0,27.5,Acetate,5.0,20.0,NaCl,140,Sucrose,0.1,none,0.0,none,0.0,0.85,0.9,4.04,4.04,4.04,4.04,4.0
145,F146,BSA,other,2.0,66.0,4.7,0.3,125.0,27.5,Acetate,5.0,20.0,NaCl,140,Sucrose,0.1,none,0.0,none,0.0,0.85,0.9,3.04,3.04,3.04,2.76,1.5
146,F147,BSA,other,2.0,66.0,4.7,0.3,105.0,27.5,Acetate,5.0,20.0,NaCl,140,Sucrose,0.1,none,0.0,none,0.0,0.85,0.9,2.48,2.48,2.48,2.21,1.5
147,F148,BSA,other,2.0,66.0,4.7,0.3,63.0,27.5,Acetate,5.0,20.0,NaCl,140,Sucrose,0.1,none,0.0,none,0.0,0.85,0.9,1.84,1.84,1.84,1.76,1.3
148,F149,poly-hIgG,polyclonal,3.0,150.0,7.6,1.0,202.0,27.5,Acetate,5.0,20.0,NaCl,140,Sucrose,0.1,none,0.0,none,0.0,0.9,0.9,9.19,9.19,9.19,5.87,3.4
149,F150,poly-hIgG,polyclonal,3.0,150.0,7.6,1.0,158.0,27.5,Acetate,5.0,20.0,NaCl,140,Sucrose,0.1,none,0.0,none,0.0,0.9,0.9,4.59,4.59,4.59,3.77,3.4
150,F151,poly-hIgG,polyclonal,3.0,150.0,7.6,1.0,95.0,27.5,Acetate,5.0,20.0,NaCl,140,Sucrose,0.1,none,0.0,none,0.0,0.9,0.9,2.71,2.71,2.71,2.39,2.28
151,F152,poly-hIgG,polyclonal,3.0,150.0,7.6,1.0,60.0,27.5,Acetate,5.0,20.0,NaCl,140,Sucrose,0.1,none,0.0,none,0.0,0.9,0.9,1.47,1.47,1.47,1.47,1.4
152,F153,poly-hIgG,polyclonal,3.0,150.0,7.6,1.0,220.0,27.5,Histidine,6.0,15.0,none,0,none,0.0,none,0.0,none,0.0,0.9,0.9,14.7,12.12,12.12,10.06,4.0
153,F154,poly-hIgG,polyclonal,3.0,150.0,7.6,1.0,194.0,27.5,Acetate,6.0,20.0,none,0,none,0.0,none,0.0,none,0.0,0.9,0.9,14.38,14.38,14.38,12.6,3.5
154,F155,poly-hIgG,polyclonal,3.0,150.0,7.6,1.0,209.0,27.5,Acetate,6.0,20.0,none,0,none,0.0,none,0.0,none,0.0,0.9,0.9,15.64,15.64,15.64,12.6,3.81
155,F156,poly-hIgG,polyclonal,3.0,150.0,7.6,1.0,134.0,27.5,Acetate,6.0,20.0,none,0,none,0.0,none,0.0,none,0.0,0.9,0.9,6.8,6.8,6.43,5.45,2.21
156,F157,poly-hIgG,polyclonal,3.0,150.0,7.6,1.0,175.0,27.5,Histidine,6.0,15.0,none,0,none,0.0,none,0.0,none,0.0,0.9,0.9,6.8,6.34,6.34,5.45,3.3
157,F158,poly-hIgG,polyclonal,3.0,150.0,7.6,1.0,157.0,27.5,Acetate,6.0,20.0,none,0,none,0.0,none,0.0,none,0.0,0.9,0.9,6.67,6.67,6.67,6.09,2.6
158,F159,poly-hIgG,polyclonal,3.0,150.0,7.6,1.0,163.0,27.5,Histidine,6.0,36.0,NaCl,32,none,0.0,none,0.0,none,0.0,0.9,0.9,9.19,7.35,7.35,6.37,2.5
159,F160,poly-hIgG,polyclonal,3.0,150.0,7.6,1.0,150.0,27.5,Acetate,6.0,20.0,NaCl,32,none,0.0,none,0.0,none,0.0,0.9,0.9,6.06,4.59,4.5,3.6,2.3
160,F161,poly-hIgG,polyclonal,3.0,150.0,7.6,1.0,175.0,27.5,Histidine,6.0,15.0,none,0,none,0.0,none,0.0,none,0.0,0.9,0.9,6.43,5.23,4.96,4.02,2.0
161,F162,poly-hIgG,polyclonal,3.0,150.0,7.6,1.0,175.0,27.5,Histidine,6.0,15.0,none,0,none,0.0,none,0.0,none,0.0,0.9,0.9,10.66,10.66,9.37,6.71,3.28
162,F163,Adalimumab,mAb_IgG1,3.0,148.0,8.7,0.3,143.0,27.5,Histidine,6.0,15.0,none,0,none,0.0,none,0.0,none,0.0,1.0,1.0,6.15,6.15,6.15,4.44,2.54
163,F164,Adalimumab,mAb_IgG1,3.0,148.0,8.7,0.3,139.0,27.5,Acetate,5.0,20.0,none,0,none,0.0,none,0.0,none,0.0,1.0,1.0,6.43,5.23,5.23,3.81,2.28
164,F165,Adalimumab,mAb_IgG1,3.0,148.0,8.7,0.3,100.0,27.5,Acetate,5.0,20.0,none,0,none,0.0,none,0.0,none,0.0,1.0,1.0,3.67,3.13,2.85,2.44,1.45
165,F166,Adalimumab,mAb_IgG1,3.0,148.0,8.7,0.3,35.0,27.5,Acetate,5.0,20.0,none,0,none,0.0,tween-80,0.1,none,0.0,1.0,1.0,1.47,1.47,1.47,1.47,1.47
166,F167,Adalimumab,mAb_IgG1,3.0,148.0,8.7,0.3,35.0,27.5,Acetate,5.0,20.0,none,0,Sucrose,0.5,none,0.0,none,0.0,1.0,1.0,1.97,1.97,1.97,1.76,1.2
167,F168,Adalimumab,mAb_IgG1,3.0,148.0,8.7,0.3,52.0,27.5,Acetate,5.0,20.0,none,0,Sucrose,0.25,tween-80,0.05,none,0.0,1.0,1.0,2.02,2.02,2.02,2.02,2.0
168,F169,Adalimumab,mAb_IgG1,3.0,148.0,8.7,0.3,100.0,27.5,Histidine,6.0,15.0,none,0,none,0.0,none,0.0,none,0.0,1.0,1.0,3.22,2.67,2.48,2.1,1.3
169,F170,Adalimumab,mAb_IgG1,3.0,148.0,8.7,0.3,52.0,27.5,Histidine,6.0,15.0,none,0,Sucrose,0.5,none,0.0,none,0.0,1.0,1.0,2.76,2.48,2.02,1.58,1.2
170,F171,Adalimumab,mAb_IgG1,3.0,148.0,8.7,0.3,52.0,27.5,Histidine,6.0,15.0,none,0,Sucrose,0.25,tween-80,0.05,none,0.0,1.0,1.0,2.76,2.39,1.7,1.58,1.15
171,F172,Adalimumab,mAb_IgG1,3.0,148.0,8.7,0.3,35.0,27.5,Histidine,6.0,15.0,none,0,Sucrose,0.5,tween-80,0.1,none,0.0,1.0,1.0,1.84,1.84,1.75,1.67,1.52
172,F173,Bevacizumab,mAb_IgG1,3.0,149.0,8.3,0.3,146.0,27.5,Acetate,5.0,20.0,none,0,none,0.0,none,0.0,none,0.0,1.0,1.0,3.22,3.22,3.22,2.64,1.75
173,F174,Bevacizumab,mAb_IgG1,3.0,149.0,8.3,0.3,136.0,27.5,Histidine,6.0,15.0,none,0,none,0.0,none,0.0,none,0.0,1.0,1.0,3.31,3.31,3.04,2.52,1.66
174,F175,Bevacizumab,mAb_IgG1,3.0,149.0,8.3,0.3,100.0,27.5,Histidine,6.0,15.0,none,0,none,0.0,none,0.0,none,0.0,1.0,1.0,3.04,2.76,2.35,2.24,1.4
175,F176,Bevacizumab,mAb_IgG1,3.0,149.0,8.3,0.3,50.0,27.5,Histidine,6.0,15.0,none,0,Sucrose,0.5,none,0.0,none,0.0,1.0,1.0,1.62,1.62,1.62,1.45,1.3
176,F177,Bevacizumab,mAb_IgG1,3.0,149.0,8.3,0.3,60.0,27.5,Histidine,6.0,15.0,none,0,Sucrose,0.25,tween-80,0.1,none,0.0,1.0,1.0,2.3,2.3,2.02,1.94,1.1
177,F178,Bevacizumab,mAb_IgG1,3.0,149.0,8.3,0.3,80.0,27.5,Histidine,6.0,15.0,none,0,none,0.0,tween-80,0.1,none,0.0,1.0,1.0,2.3,2.3,2.3,2.3,2.3
178,F179,Bevacizumab,mAb_IgG1,3.0,149.0,8.3,0.3,75.0,27.5,Acetate,5.0,20.0,none,0,none,0.0,none,0.0,none,0.0,1.0,1.0,1.38,1.38,1.38,1.23,1.12
179,F180,Bevacizumab,mAb_IgG1,3.0,149.0,8.3,0.3,50.0,27.5,Acetate,5.0,20.0,none,0,Sucrose,0.5,tween-80,0.05,none,0.0,1.0,1.0,2.0,2.0,2.0,2.0,2.0
180,F181,Bevacizumab,mAb_IgG1,3.0,149.0,8.3,0.3,75.0,27.5,Acetate,5.0,20.0,none,0,none,0.0,tween-80,0.05,none,0.0,1.0,1.0,1.75,1.66,1.66,1.66,1.6
181,F182,Bevacizumab,mAb_IgG1,3.0,149.0,8.3,0.3,100.0,27.5,Acetate,5.0,20.0,none,0,Sucrose,0.25,tween-80,0.1,none,0.0,1.0,1.0,2.58,2.39,2.07,1.76,1.2
182,F183,none,none,0.0,0.0,0.0,0.0,0.0,20.0,PBS,7.4,10.0,NaCl,140,Sucrose,1.0,none,0.0,none,0.0,0.0,0.0,3.77,3.77,3.77,3.77,3.77
183,F184,none,none,0.0,0.0,0.0,0.0,0.0,15.0,PBS,7.4,10.0,NaCl,140,Sucrose,1.0,none,0.0,none,0.0,0.0,0.0,4.38,4.38,4.38,4.38,4.38
184,F185,none,none,0.0,0.0,0.0,0.0,0.0,30.0,PBS,7.4,10.0,NaCl,140,Sucrose,1.0,none,0.0,none,0.0,0.0,0.0,2.8,2.8,2.8,2.8,2.8
185,F186,none,none,0.0,0.0,0.0,0.0,0.0,35.0,PBS,7.4,10.0,NaCl,140,Sucrose,1.0,none,0.0,none,0.0,0.0,0.0,2.41,2.41,2.41,2.41,2.41
186,F187,none,none,0.0,0.0,0.0,0.0,0.0,15.0,PBS,7.4,10.0,NaCl,140,Sucrose,0.75,none,0.0,none,0.0,0.0,0.0,3.03,3.03,3.03,3.03,3.03
187,F188,none,none,0.0,0.0,0.0,0.0,0.0,20.0,PBS,7.4,10.0,NaCl,140,Sucrose,0.75,none,0.0,none,0.0,0.0,0.0,2.6,2.6,2.6,2.6,2.6
188,F189,none,none,0.0,0.0,0.0,0.0,0.0,30.0,PBS,7.4,10.0,NaCl,140,Sucrose,0.75,none,0.0,none,0.0,0.0,0.0,1.93,1.93,1.93,1.93,1.93
189,F190,none,none,0.0,0.0,0.0,0.0,0.0,35.0,PBS,7.4,10.0,NaCl,140,Sucrose,0.75,none,0.0,none,0.0,0.0,0.0,2.6,1.67,1.67,1.67,1.67
190,F191,none,none,0.0,0.0,0.0,0.0,0.0,15.0,PBS,7.4,10.0,NaCl,140,Sucrose,0.5,none,0.0,none,0.0,0.0,0.0,2.22,2.22,2.22,2.22,2.22
191,F192,none,none,0.0,0.0,0.0,0.0,0.0,20.0,PBS,7.4,10.0,NaCl,140,Sucrose,0.5,none,0.0,none,0.0,0.0,0.0,1.92,1.92,1.92,1.92,1.92
192,F193,none,none,0.0,0.0,0.0,0.0,0.0,30.0,PBS,7.4,10.0,NaCl,140,Sucrose,0.5,none,0.0,none,0.0,0.0,0.0,1.42,1.42,1.42,1.42,1.42
193,F194,none,none,0.0,0.0,0.0,0.0,0.0,35.0,PBS,7.4,10.0,NaCl,140,Sucrose,0.5,none,0.0,none,0.0,0.0,0.0,1.22,1.22,1.22,1.22,1.22
194,F195,none,none,0.0,0.0,0.0,0.0,0.0,20.0,PBS,7.4,10.0,NaCl,140,Sucrose,1.0,tween-20,0.1,none,0.0,0.0,0.0,3.82,3.82,3.82,3.82,3.82
195,F196,none,none,0.0,0.0,0.0,0.0,0.0,15.0,PBS,7.4,10.0,NaCl,140,Sucrose,1.0,tween-20,0.1,none,0.0,0.0,0.0,4.43,4.43,4.43,4.43,4.43
196,F197,none,none,0.0,0.0,0.0,0.0,0.0,30.0,PBS,7.4,10.0,NaCl,140,Sucrose,1.0,tween-20,0.1,none,0.0,0.0,0.0,2.85,2.85,2.85,2.85,2.85
197,F198,none,none,0.0,0.0,0.0,0.0,0.0,35.0,PBS,7.4,10.0,NaCl,140,Sucrose,1.0,tween-20,0.1,none,0.0,0.0,0.0,2.46,2.46,2.46,2.46,2.46
198,F199,none,none,0.0,0.0,0.0,0.0,0.0,15.0,PBS,7.4,10.0,NaCl,140,Sucrose,0.75,tween-20,0.1,none,0.0,0.0,0.0,3.08,3.08,3.08,3.08,3.08
199,F200,none,none,0.0,0.0,0.0,0.0,0.0,20.0,PBS,7.4,10.0,NaCl,140,Sucrose,0.75,tween-20,0.1,none,0.0,0.0,0.0,2.65,2.65,2.65,2.65,2.65
200,F201,none,none,0.0,0.0,0.0,0.0,0.0,30.0,PBS,7.4,10.0,NaCl,140,Sucrose,0.75,tween-20,0.1,none,0.0,0.0,0.0,1.98,1.98,1.98,1.98,1.98
201,F202,none,none,0.0,0.0,0.0,0.0,0.0,35.0,PBS,7.4,10.0,NaCl,140,Sucrose,0.75,tween-20,0.1,none,0.0,0.0,0.0,2.65,2.65,2.65,2.65,2.65
202,F203,none,none,0.0,0.0,0.0,0.0,0.0,15.0,PBS,7.4,10.0,NaCl,140,Sucrose,0.5,tween-20,0.1,none,0.0,0.0,0.0,2.27,2.27,2.27,2.27,2.27
203,F204,none,none,0.0,0.0,0.0,0.0,0.0,20.0,PBS,7.4,10.0,NaCl,140,Sucrose,0.5,tween-20,0.1,none,0.0,0.0,0.0,1.97,1.97,1.97,1.97,1.97
204,F205,none,none,0.0,0.0,0.0,0.0,0.0,30.0,PBS,7.4,10.0,NaCl,140,Sucrose,0.5,tween-20,0.1,none,0.0,0.0,0.0,1.47,1.47,1.47,1.47,1.47
205,F206,none,none,0.0,0.0,0.0,0.0,0.0,35.0,PBS,7.4,10.0,NaCl,140,Sucrose,0.5,tween-20,0.1,none,0.0,0.0,0.0,1.27,1.27,1.27,1.27,1.27
206,F207,none,none,0.0,0.0,0.0,0.0,0.0,20.0,PBS,7.4,10.0,NaCl,140,Sucrose,1.0,tween-80,0.1,none,0.0,0.0,0.0,3.87,3.87,3.87,3.87,3.87
207,F208,none,none,0.0,0.0,0.0,0.0,0.0,15.0,PBS,7.4,10.0,NaCl,140,Sucrose,1.0,tween-80,0.1,none,0.0,0.0,0.0,4.48,4.48,4.48,4.48,4.48
208,F209,none,none,0.0,0.0,0.0,0.0,0.0,30.0,PBS,7.4,10.0,NaCl,140,Sucrose,1.0,tween-80,0.1,none,0.0,0.0,0.0,2.9,2.9,2.9,2.9,2.9
209,F210,none,none,0.0,0.0,0.0,0.0,0.0,35.0,PBS,7.4,10.0,NaCl,140,Sucrose,1.0,tween-80,0.1,none,0.0,0.0,0.0,2.51,2.51,2.51,2.51,2.51
210,F211,none,none,0.0,0.0,0.0,0.0,0.0,15.0,PBS,7.4,10.0,NaCl,140,Sucrose,0.75,tween-80,0.1,none,0.0,0.0,0.0,3.13,3.13,3.13,3.13,3.13
211,F212,none,none,0.0,0.0,0.0,0.0,0.0,20.0,PBS,7.4,10.0,NaCl,140,Sucrose,0.75,tween-80,0.1,none,0.0,0.0,0.0,2.7,2.7,2.7,2.7,2.7
212,F213,none,none,0.0,0.0,0.0,0.0,0.0,30.0,PBS,7.4,10.0,NaCl,140,Sucrose,0.75,tween-80,0.1,none,0.0,0.0,0.0,2.03,2.03,2.03,2.03,2.03
213,F214,none,none,0.0,0.0,0.0,0.0,0.0,35.0,PBS,7.4,10.0,NaCl,140,Sucrose,0.75,tween-80,0.1,none,0.0,0.0,0.0,2.7,2.7,2.7,2.7,2.7
214,F215,none,none,0.0,0.0,0.0,0.0,0.0,15.0,PBS,7.4,10.0,NaCl,140,Sucrose,0.5,tween-80,0.1,none,0.0,0.0,0.0,2.32,2.32,2.32,2.32,2.32
215,F216,none,none,0.0,0.0,0.0,0.0,0.0,20.0,PBS,7.4,10.0,NaCl,140,Sucrose,0.5,tween-80,0.1,none,0.0,0.0,0.0,2.02,2.02,2.02,2.02,2.02
216,F217,none,none,0.0,0.0,0.0,0.0,0.0,30.0,PBS,7.4,10.0,NaCl,140,Sucrose,0.5,tween-80,0.1,none,0.0,0.0,0.0,1.52,1.52,1.52,1.52,1.52
217,F218,none,none,0.0,0.0,0.0,0.0,0.0,35.0,PBS,7.4,10.0,NaCl,140,Sucrose,0.5,tween-80,0.1,none,0.0,0.0,0.0,1.32,1.32,1.32,1.32,1.32
218,F219,Pembrolizumab,mAb_IgG4,3.5,149.0,7.57,0.3,193.0,27.5,Acetate,5.0,20.0,none,0,none,0.0,none,0.0,none,0.0,1.3,1.1,15.25,11.11,10.38,6.9,4.0
219,F220,Bevacizumab,mAb_IgG1,3.0,149.0,8.3,0.3,250.0,27.5,PBS,7.4,10.0,NaCl,140,none,0.0,none,0.0,none,0.0,1.0,1.0,15.99,15.99,14.51,7.97,3.82
220,F221,Bevacizumab,mAb_IgG1,3.0,149.0,8.3,0.3,60.0,27.5,PBS,7.4,10.0,NaCl,140,Sucrose,0.1,none,0.0,none,0.0,1.0,1.0,2.76,2.76,2.76,2.52,1.2
221,F222,Bevacizumab,mAb_IgG1,3.0,149.0,8.3,0.3,100.0,27.5,PBS,7.4,10.0,NaCl,140,none,0.0,tween-80,0.1,none,0.0,1.0,1.0,2.21,2.21,2.21,1.68,1.6
222,F223,Bevacizumab,mAb_IgG1,3.0,149.0,8.3,0.3,100.0,27.5,PBS,7.4,10.0,NaCl,140,none,0.0,none,0.0,none,0.0,1.0,1.0,5.0,3.22,2.76,2.36,1.4
223,F224,Bevacizumab,mAb_IgG1,3.0,149.0,8.3,0.3,80.0,27.5,PBS,7.4,10.0,NaCl,140,Sucrose,0.5,tween-80,0.05,none,0.0,1.0,1.0,5.32,3.84,2.48,1.9,1.81
224,F225,Bevacizumab,mAb_IgG1,3.0,149.0,8.3,0.3,75.0,27.5,PBS,7.4,10.0,NaCl,140,Sucrose,0.25,tween-80,0.05,none,0.0,1.0,1.0,2.82,2.82,2.82,2.57,1.6
225,F226,Pembrolizumab,mAb_IgG4,3.5,149.0,7.57,0.3,50.0,27.5,Acetate,5.0,20.0,none,0,Sucrose,0.1,tween-80,0.1,none,0.0,1.3,1.1,1.99,1.99,1.99,1.68,1.2
226,F227,Pembrolizumab,mAb_IgG4,3.5,149.0,7.57,0.3,100.0,27.5,Acetate,5.0,20.0,none,0,none,0.0,none,0.0,none,0.0,1.3,1.1,3.16,3.16,2.3,2.1,1.43
227,F228,Pembrolizumab,mAb_IgG4,3.5,149.0,7.57,0.3,80.0,27.5,Acetate,5.0,20.0,none,0,Sucrose,0.5,tween-80,0.1,none,0.0,1.3,1.1,3.91,3.8,3.22,2.69,2.0
228,F229,Pembrolizumab,mAb_IgG4,3.5,149.0,7.57,0.3,100.0,27.5,Acetate,5.0,20.0,NaCl,140,none,0.0,none,0.0,none,0.0,1.3,1.1,7.59,4.14,2.99,2.31,1.3
229,F230,Pembrolizumab,mAb_IgG4,3.5,149.0,7.57,0.3,60.0,27.5,Acetate,5.0,20.0,none,0,Sucrose,0.25,tween-80,0.05,none,0.0,1.3,1.1,2.88,2.88,2.3,1.79,1.4
230,F231,Adalimumab,mAb_IgG1,3.0,148.0,8.7,0.3,267.0,27.5,PBS,7.4,10.0,NaCl,140,none,0.0,none,0.0,none,0.0,1.0,1.0,56.35,55.2,41.4,26.25,5.75
231,F232,Adalimumab,mAb_IgG1,3.0,148.0,8.7,0.3,62.0,27.5,PBS,7.4,10.0,NaCl,140,Sucrose,0.25,none,0.0,none,0.0,1.0,1.0,1.61,1.61,1.61,1.37,1.12
232,F233,Adalimumab,mAb_IgG1,3.0,148.0,8.7,0.3,100.0,27.5,PBS,7.4,10.0,NaCl,140,none,0.0,tween-80,0.1,none,0.0,1.0,1.0,7.13,4.72,4.14,3.78,2.14
233,F234,Adalimumab,mAb_IgG1,3.0,148.0,8.7,0.3,80.0,27.5,PBS,7.4,10.0,NaCl,140,Sucrose,0.5,tween-80,0.05,none,0.0,1.0,1.0,6.44,5.75,4.83,4.31,1.6
234,F235,Adalimumab,mAb_IgG1,3.0,148.0,8.7,0.3,75.0,27.5,PBS,7.4,10.0,NaCl,140,Sucrose,0.1,tween-80,0.05,none,0.0,1.0,1.0,5.18,2.65,1.61,1.26,1.04
235,F236,BSA,other,2.0,66.0,4.7,0.3,392.0,27.5,Histidine,6.0,15.0,none,0,none,0.0,none,0.0,none,0.0,0.85,0.9,61.54,55.11,45.01,29.36,27.96
236,F237,BSA,other,2.0,66.0,4.7,0.3,414.0,27.5,Acetate,5.0,20.0,none,0,none,0.0,none,0.0,none,0.0,0.85,0.9,129.51,74.41,57.87,40.26,33.0
237,F238,BSA,other,2.0,66.0,4.7,0.3,431.0,27.5,PBS,7.4,10.0,NaCl,140,none,0.0,none,0.0,none,0.0,0.85,0.9,146.97,110.23,71.65,53.68,44.0
238,F239,BSA,other,2.0,66.0,4.7,0.3,160.0,27.5,Histidine,6.0,15.0,none,0,none,0.0,none,0.0,none,0.0,0.85,0.9,3.85,3.59,3.27,2.86,2.38
239,F240,BSA,other,2.0,66.0,4.7,0.3,174.0,27.5,PBS,7.4,10.0,NaCl,140,none,0.0,none,0.0,none,0.0,0.85,0.9,4.4,4.4,3.67,3.52,2.41
240,F241,BSA,other,2.0,66.0,4.7,0.3,162.0,27.5,Acetate,5.0,20.0,none,0,none,0.0,none,0.0,none,0.0,0.85,0.9,4.59,4.59,4.31,3.77,2.5
241,F242,BSA,other,2.0,66.0,4.7,0.3,182.0,27.5,Histidine,6.0,15.0,NaCl,140,none,0.0,none,0.0,none,0.0,0.85,0.9,4.31,4.31,4.31,3.77,2.8
242,F243,BSA,other,2.0,66.0,4.7,0.3,172.0,27.5,Histidine,6.0,30.0,none,0,none,0.0,none,0.0,none,0.0,0.85,0.9,4.4,4.17,3.99,3.35,2.48
243,F244,BSA,other,2.0,66.0,4.7,0.3,169.0,27.5,Acetate,5.0,20.0,NaCl,140,none,0.0,none,0.0,none,0.0,0.85,0.9,4.68,4.13,3.27,2.1,2.0
244,F245,BSA,other,2.0,66.0,4.7,0.3,5.0,27.5,PBS,7.4,10.0,NaCl,140,none,0.0,none,0.0,none,0.0,0.85,0.9,1.008,1.008,0.96,0.96,0.8
245,F246,BSA,other,2.0,66.0,4.7,0.3,10.0,27.5,PBS,7.4,10.0,NaCl,140,none,0.0,none,0.0,none,0.0,0.85,0.9,1.032,1.032,1.032,0.96,0.8
246,F247,BSA,other,2.0,66.0,4.7,0.3,20.0,27.5,PBS,7.4,10.0,NaCl,140,none,0.0,none,0.0,none,0.0,0.85,0.9,1.104,1.104,1.104,1.056,0.88
247,F248,BSA,other,2.0,66.0,4.7,0.3,25.0,27.5,PBS,7.4,10.0,NaCl,140,none,0.0,none,0.0,none,0.0,0.85,0.9,1.2,1.2,1.2,1.152,0.96
248,F249,BSA,other,2.0,66.0,4.7,0.3,5.0,27.5,Acetate,5.0,20.0,none,0,none,0.0,none,0.0,none,0.0,0.85,0.9,1.008,1.008,0.96,0.96,0.8
249,F250,BSA,other,2.0,66.0,4.7,0.3,10.0,27.5,Acetate,5.0,20.0,none,0,none,0.0,none,0.0,none,0.0,0.85,0.9,1.032,1.032,1.032,0.96,0.8
250,F251,BSA,other,2.0,66.0,4.7,0.3,20.0,27.5,Acetate,5.0,20.0,none,0,none,0.0,none,0.0,none,0.0,0.85,0.9,1.2,1.2,1.2,1.152,0.96
251,F252,BSA,other,2.0,66.0,4.7,0.3,25.0,27.5,Acetate,5.0,20.0,none,0,none,0.0,none,0.0,none,0.0,0.85,0.9,1.344,1.344,1.344,1.296,1.08
252,F253,BSA,other,2.0,66.0,4.7,0.3,5.0,27.5,Histidine,6.0,15.0,none,0,none,0.0,none,0.0,none,0.0,0.85,0.9,1.008,1.008,0.96,0.96,0.8
253,F254,BSA,other,2.0,66.0,4.7,0.3,10.0,27.5,Histidine,6.0,15.0,none,0,none,0.0,none,0.0,none,0.0,0.85,0.9,1.044,1.032,1.044,0.984,0.82
254,F255,BSA,other,2.0,66.0,4.7,0.3,20.0,27.5,Histidine,6.0,15.0,none,0,none,0.0,none,0.0,none,0.0,0.85,0.9,1.104,1.104,1.104,1.056,0.88
255,F256,BSA,other,2.0,66.0,4.7,0.3,20.0,27.5,Histidine,6.0,30.0,none,0,none,0.0,none,0.0,none,0.0,0.85,0.9,1.128,1.128,1.128,1.056,0.88
256,F257,BSA,other,2.0,66.0,4.7,0.3,25.0,27.5,Histidine,6.0,15.0,none,0,none,0.0,none,0.0,none,0.0,0.85,0.9,1.248,1.248,1.2,1.2,1.0
257,F258,BSA,other,2.0,66.0,4.7,0.3,25.0,27.5,Histidine,6.0,30.0,none,0,none,0.0,none,0.0,none,0.0,0.85,0.9,1.344,1.344,1.344,1.248,1.04
258,F259,poly-hIgG,polyclonal,3.0,150.0,7.6,1.0,10.0,25.0,PBS,7.4,10.0,NaCl,140,none,0.0,none,0.0,none,0.0,0.9,0.9,1.08,1.068,1.08,1.056,0.88
259,F260,poly-hIgG,polyclonal,3.0,150.0,7.6,1.0,20.0,25.0,PBS,7.4,10.0,NaCl,140,none,0.0,none,0.0,none,0.0,0.9,0.9,1.392,1.392,1.392,1.344,1.12
260,F261,Ibalizumab,mAb_IgG4,3.5,150.0,8.0,0.3,304.0,27.5,Histidine,6.0,15.0,none,0,none,0.0,none,0.0,none,0.0,1.3,1.1,14.15,14.15,13.32,8.39,4.5
261,F262,Ibalizumab,mAb_IgG4,3.5,150.0,8.0,0.3,300.0,27.5,Acetate,5.0,20.0,none,0,none,0.0,none,0.0,none,0.0,1.3,1.1,24.07,24.07,20.67,12.5,7.9
262,F263,Ibalizumab,mAb_IgG4,3.5,150.0,8.0,0.3,290.0,27.5,PBS,7.4,10.0,NaCl,140,none,0.0,none,0.0,none,0.0,1.3,1.1,15.16,15.16,15.16,10.9,5.95
263,F264,Ibalizumab,mAb_IgG4,3.5,150.0,8.0,0.3,187.5,27.5,Histidine,6.0,15.0,none,0,Sucrose,0.75,none,0.0,none,0.0,1.3,1.1,4.22,4.22,3.67,2.44,1.4
264,F265,Ibalizumab,mAb_IgG4,3.5,150.0,8.0,0.3,270.0,27.5,Acetate,5.0,20.0,none,0,none,0.0,tween-80,0.1,none,0.0,1.3,1.1,15.07,11.94,10.11,6.46,4.5
265,F266,Ibalizumab,mAb_IgG4,3.5,150.0,8.0,0.3,245.0,27.5,PBS,7.4,10.0,NaCl,140,Trehalose,0.155,none,0.0,none,0.0,1.3,1.1,11.94,8.73,7.56,5.68,5.41
266,F267,Ibalizumab,mAb_IgG4,3.5,150.0,8.0,0.3,230.0,27.5,Histidine,6.0,15.0,none,0,Sucrose,0.5,none,0.0,none,0.0,1.3,1.1,6.15,5.97,5.97,5.28,4.1
267,F268,Ibalizumab,mAb_IgG4,3.5,150.0,8.0,0.3,150.0,27.5,PBS,7.4,10.0,NaCl,140,Sucrose,0.75,none,0.0,none,0.0,1.3,1.1,8.27,7.35,7.35,5.87,5.0
268,F269,Ibalizumab,mAb_IgG4,3.5,150.0,8.0,0.3,150.0,27.5,Acetate,5.0,20.0,none,0,none,0.0,tween-80,0.075,none,0.0,1.3,1.1,2.58,2.53,2.53,2.31,2.2
269,F270,Ibalizumab,mAb_IgG4,3.5,150.0,8.0,0.3,150.0,27.5,Histidine,6.0,15.0,none,0,Trehalose,0.25,none,0.0,none,0.0,1.3,1.1,3.67,3.67,3.67,3.28,2.7
270,F271,Ibalizumab,mAb_IgG4,3.5,150.0,8.0,0.3,100.0,27.5,Acetate,5.0,20.0,none,0,none,0.0,none,0.0,none,0.0,1.3,1.1,3.04,3.04,3.04,2.52,1.8
271,F272,Ibalizumab,mAb_IgG4,3.5,150.0,8.0,0.3,70.0,27.5,Acetate,5.0,20.0,none,0,Sucrose,0.75,tween-80,0.05,none,0.0,1.3,1.1,3.85,3.4,3.4,3.11,2.7
272,F273,Ibalizumab,mAb_IgG4,3.5,150.0,8.0,0.3,70.0,27.5,Acetate,5.0,20.0,none,0,Trehalose,0.5,none,0.0,none,0.0,1.3,1.1,3.59,3.13,3.13,2.52,2.4
273,F274,Ibalizumab,mAb_IgG4,3.5,150.0,8.0,0.3,55.0,27.5,Acetate,5.0,20.0,none,0,none,0.0,tween-20,0.05,none,0.0,1.3,1.1,1.2,1.2,1.2,1.01,0.96
274,F275,Ibalizumab,mAb_IgG4,3.5,150.0,8.0,0.3,55.0,27.5,Acetate,5.0,20.0,none,0,Trehalose,0.25,tween-80,0.025,none,0.0,1.3,1.1,1.7,1.7,1.7,1.43,1.2
275,F276,Ibalizumab,mAb_IgG4,3.5,150.0,8.0,0.3,40.0,27.5,Acetate,5.0,20.0,NaCl,140,none,0.0,none,0.0,none,0.0,1.3,1.1,1.33,1.33,1.33,1.18,1.05
276,F277,Ibalizumab,mAb_IgG4,3.5,150.0,8.0,0.3,40.0,27.5,Acetate,5.0,20.0,none,0,Trehalose,0.5,none,0.0,none,0.0,1.3,1.1,1.84,1.84,1.84,1.68,1.6
277,F278,Ibalizumab,mAb_IgG4,3.5,150.0,8.0,0.3,25.0,27.5,Acetate,5.0,20.0,none,0,none,0.0,none,0.0,none,0.0,1.3,1.1,0.92,0.92,0.92,0.84,0.8
278,F279,Ibalizumab,mAb_IgG4,3.5,150.0,8.0,0.3,10.0,27.5,Acetate,5.0,20.0,none,0,Sucrose,0.25,tween-80,0.025,none,0.0,1.3,1.1,1.01,1.01,1.01,0.92,0.88
279,F280,Ibalizumab,mAb_IgG4,3.5,150.0,8.0,0.3,10.0,27.5,Acetate,5.0,20.0,none,0,Trehalose,0.25,none,0.0,none,0.0,1.3,1.1,1.2,1.2,1.2,1.09,1.04
280,F281,Ibalizumab,mAb_IgG4,3.5,150.0,8.0,0.3,100.0,27.5,Histidine,6.0,15.0,none,0,Trehalose,0.25,tween-80,0.05,none,0.0,1.3,1.1,2.94,2.94,2.94,2.6,2.48
281,F282,Ibalizumab,mAb_IgG4,3.5,150.0,8.0,0.3,75.0,27.5,Histidine,6.0,15.0,none,0,Sucrose,0.5,tween-80,0.025,none,0.0,1.3,1.1,2.48,2.12,1.75,1.6,1.52
282,F283,Ibalizumab,mAb_IgG4,3.5,150.0,8.0,0.3,55.0,27.5,Histidine,6.0,15.0,none,0,Sucrose,0.5,none,0.0,none,0.0,1.3,1.1,2.21,1.93,1.56,1.26,1.2
283,F284,Ibalizumab,mAb_IgG4,3.5,150.0,8.0,0.3,40.0,27.5,Histidine,6.0,15.0,none,0,none,0.0,none,0.0,none,0.0,1.3,1.1,1.29,1.29,1.29,1.09,1.04
284,F285,Ibalizumab,mAb_IgG4,3.5,150.0,8.0,0.3,30.0,27.5,Histidine,6.0,15.0,none,0,none,0.0,tween-20,0.025,none,0.0,1.3,1.1,1.01,1.01,1.01,0.92,0.88
285,F286,Ibalizumab,mAb_IgG4,3.5,150.0,8.0,0.3,25.0,27.5,Histidine,6.0,15.0,none,0,Sucrose,0.25,none,0.0,none,0.0,1.3,1.1,1.15,1.15,1.15,1.15,1.15
286,F287,Ibalizumab,mAb_IgG4,3.5,150.0,8.0,0.3,25.0,27.5,Histidine,6.0,15.0,NaCl,140,none,0.0,none,0.0,none,0.0,1.3,1.1,1.2,1.2,1.2,1.2,1.2
287,F288,Ibalizumab,mAb_IgG4,3.5,150.0,8.0,0.3,10.0,27.5,Histidine,6.0,15.0,none,0,none,0.0,none,0.0,none,0.0,1.3,1.1,0.8,0.8,0.8,0.8,0.8
288,F289,Ibalizumab,mAb_IgG4,3.5,150.0,8.0,0.3,80.0,27.5,PBS,7.4,10.0,NaCl,140,Sucrose,0.5,tween-80,0.1,none,0.0,1.3,1.1,2.12,2.12,2.12,2.12,2.12
289,F290,Ibalizumab,mAb_IgG4,3.5,150.0,8.0,0.3,55.0,27.5,PBS,7.4,10.0,NaCl,140,none,0.0,tween-80,0.025,none,0.0,1.3,1.1,1.66,1.66,1.66,1.43,1.21
290,F291,Ibalizumab,mAb_IgG4,3.5,150.0,8.0,0.3,30.0,27.5,PBS,7.4,10.0,NaCl,140,none,0.0,tween-80,0.1,none,0.0,1.3,1.1,1.33,1.33,1.33,1.18,1.12
291,F292,Ibalizumab,mAb_IgG4,3.5,150.0,8.0,0.3,30.0,27.5,PBS,7.4,10.0,NaCl,140,Trehalose,0.5,tween-80,0.1,none,0.0,1.3,1.1,2.37,2.37,2.37,2.02,1.55
292,F293,Ibalizumab,mAb_IgG4,3.5,150.0,8.0,0.3,10.0,27.5,PBS,7.4,10.0,NaCl,140,none,0.0,none,0.0,none,0.0,1.3,1.1,0.97,0.97,0.97,0.93,0.97
293,F294,Ibalizumab,mAb_IgG4,3.5,150.0,8.0,0.3,20.0,27.5,PBS,7.4,10.0,NaCl,140,none,0.0,tween-20,0.1,none,0.0,1.3,1.1,1.06,1.06,1.06,1.01,0.88
294,F295,poly-hIgG,polyclonal,3.0,150.0,7.6,1.0,145.0,27.5,PBS,7.4,10.0,NaCl,140,none,0.0,none,0.0,none,0.0,0.9,0.9,5.91,5.91,5.91,5.37,2.52
295,F296,poly-hIgG,polyclonal,3.0,150.0,7.6,1.0,145.0,17.5,PBS,7.4,10.0,NaCl,140,none,0.0,none,0.0,none,0.0,0.9,0.9,8.27,6.7,6.7,6.12,4.7
296,F297,poly-hIgG,polyclonal,3.0,150.0,7.6,1.0,145.0,26.5,PBS,7.4,10.0,NaCl,140,none,0.0,none,0.0,none,0.0,0.9,0.9,4.59,4.22,4.22,3.85,3.0
297,F298,poly-hIgG,polyclonal,3.0,150.0,7.6,1.0,151.0,17.5,PBS,7.4,10.0,NaCl,140,Sucrose,0.25,none,0.0,none,0.0,0.9,0.9,10.11,8.27,8.27,6.71,4.55
298,F299,poly-hIgG,polyclonal,3.0,150.0,7.6,1.0,151.0,27.5,PBS,7.4,10.0,NaCl,140,Sucrose,0.25,none,0.0,none,0.0,0.9,0.9,5.6,5.6,5.6,5.11,2.6
299,F300,poly-hIgG,polyclonal,3.0,150.0,7.6,1.0,151.0,36.5,PBS,7.4,10.0,NaCl,140,Sucrose,0.25,none,0.0,none,0.0,0.9,0.9,5.42,5.42,5.42,4.95,2.88
300,F301,poly-hIgG,polyclonal,3.0,150.0,7.6,1.0,157.0,17.5,PBS,7.4,10.0,NaCl,140,Sucrose,0.5,none,0.0,none,0.0,0.9,0.9,11.48,11.48,11.48,9.23,6.0
301,F302,poly-hIgG,polyclonal,3.0,150.0,7.6,1.0,157.0,27.5,PBS,7.4,10.0,NaCl,140,Sucrose,0.5,none,0.0,none,0.0,0.9,0.9,9.19,9.19,9.19,8.39,5.8
302,F303,poly-hIgG,polyclonal,3.0,150.0,7.6,1.0,157.0,36.5,PBS,7.4,10.0,NaCl,140,Sucrose,0.5,none,0.0,none,0.0,0.9,0.9,8.27,6.98,6.98,6.04,4.3
303,F304,Trastuzumab,mAb_IgG1,3.0,149.0,8.9,0.3,147.0,25.0,Acetate,5.0,20.0,none,0,none,0.0,none,0.0,none,0.0,1.0,1.0,7.29,5.99,3.55,3.22,1.06
304,F305,Trastuzumab,mAb_IgG1,3.0,149.0,8.9,0.3,157.0,25.0,Histidine,6.0,15.0,none,0,none,0.0,none,0.0,none,0.0,1.0,1.0,4.69,4.69,4.59,3.85,1.9
305,F306,Trastuzumab,mAb_IgG1,3.0,149.0,8.9,0.3,100.0,25.0,Histidine,6.0,15.0,none,0,Sucrose,0.3,tween-80,0.05,none,0.0,1.0,1.0,3.4,3.4,3.3,3.04,2.34
306,F307,Trastuzumab,mAb_IgG1,3.0,149.0,8.9,0.3,50.0,25.0,Histidine,6.0,15.0,none,0,none,0.0,tween-80,0.1,none,0.0,1.0,1.0,1.9,1.9,1.9,1.56,1.2
307,F308,Trastuzumab,mAb_IgG1,3.0,149.0,8.9,0.3,75.0,25.0,Histidine,6.0,15.0,none,0,Sucrose,0.5,none,0.0,none,0.0,1.0,1.0,1.95,1.95,1.95,1.79,0.8
308,F309,Trastuzumab,mAb_IgG1,3.0,149.0,8.9,0.3,90.0,25.0,Acetate,5.0,20.0,none,0,Sucrose,0.3,tween-80,0.1,none,0.0,1.0,1.0,3.99,3.4,3.1,3.13,1.85
309,F310,Trastuzumab,mAb_IgG1,3.0,149.0,8.9,0.3,70.0,25.0,Acetate,5.0,20.0,none,0,Sucrose,0.5,none,0.0,none,0.0,1.0,1.0,3.9,3.3,3.3,2.48,1.8
310,F311,Trastuzumab,mAb_IgG1,3.0,149.0,8.9,0.3,100.0,25.0,Acetate,5.0,20.0,none,0,none,0.0,tween-80,0.05,none,0.0,1.0,1.0,3.5,2.6,2.0,1.84,1.6
311,F312,Trastuzumab,mAb_IgG1,3.0,149.0,8.9,0.3,60.0,25.0,Acetate,5.0,20.0,none,0,Sucrose,0.4,tween-80,0.05,none,0.0,1.0,1.0,2.5,2.5,2.1,1.66,1.25
312,F313,Trastuzumab,mAb_IgG1,3.0,149.0,8.9,0.3,125.0,25.0,Histidine,6.0,15.0,none,0,none,0.0,none,0.0,none,0.0,1.0,1.0,2.95,2.95,2.95,2.71,2.36
313,F314,Trastuzumab,mAb_IgG1,3.0,149.0,8.9,0.3,125.0,25.0,Histidine,6.0,25.0,none,0,none,0.0,none,0.0,none,0.0,1.0,1.0,3.99,3.15,2.4,1.93,1.68
314,F315,Trastuzumab,mAb_IgG1,3.0,149.0,8.9,0.3,125.0,25.0,Histidine,6.0,25.0,none,0,none,0.0,none,0.0,Arginine,60.0,1.0,1.0,3.6,3.6,3.15,2.9,2.5
315,F316,Trastuzumab,mAb_IgG1,3.0,149.0,8.9,0.3,125.0,25.0,Histidine,6.0,25.0,none,0,none,0.0,none,0.0,Arginine,160.0,1.0,1.0,4.19,3.4,2.6,1.99,1.73
316,F317,Trastuzumab,mAb_IgG1,3.0,149.0,8.9,0.3,125.0,25.0,Histidine,6.0,40.0,none,0,none,0.0,none,0.0,none,0.0,1.0,1.0,2.6,2.6,2.05,1.89,1.64
317,F318,Trastuzumab,mAb_IgG1,3.0,149.0,8.9,0.3,125.0,25.0,Histidine,6.0,25.0,none,0,none,0.0,none,0.0,Proline,75.0,1.0,1.0,2.45,2.45,2.45,2.25,1.96
318,F319,Trastuzumab,mAb_IgG1,3.0,149.0,8.9,0.3,125.0,25.0,Histidine,6.0,25.0,none,0,Sucrose,0.2,none,0.0,Arginine,60.0,1.0,1.0,3.7,3.16,2.7,2.3,2.0
319,F320,poly-hIgG,polyclonal,3.0,150.0,7.6,1.0,75.0,25.0,Histidine,6.0,15.0,none,0,none,0.0,none,0.0,none,0.0,0.9,0.9,1.81,1.81,1.81,1.67,1.45
320,F321,poly-hIgG,polyclonal,3.0,150.0,7.6,1.0,175.0,25.0,Histidine,6.0,15.0,none,0,none,0.0,none,0.0,none,0.0,0.9,0.9,11.98,10.39,6.09,4.96,4.31
321,F322,poly-hIgG,polyclonal,3.0,150.0,7.6,1.0,75.0,25.0,Acetate,5.0,20.0,none,0,none,0.0,none,0.0,none,0.0,0.9,0.9,1.6,1.6,1.6,1.47,1.28
322,F323,poly-hIgG,polyclonal,3.0,150.0,7.6,1.0,175.0,25.0,Acetate,5.0,20.0,none,0,none,0.0,none,0.0,none,0.0,0.9,0.9,11.29,11.29,9.59,8.73,5.0
323,F324,poly-hIgG,polyclonal,3.0,150.0,7.6,1.0,75.0,25.0,Histidine,6.0,15.0,none,0,none,0.0,none,0.0,Arginine,20.0,0.9,0.9,1.3,1.3,1.3,1.2,1.04
324,F325,poly-hIgG,polyclonal,3.0,150.0,7.6,1.0,75.0,25.0,Histidine,6.0,15.0,none,0,Sucrose,0.2,none,0.0,Arginine,60.0,0.9,0.9,1.6,1.6,1.6,1.47,1.28
325,F326,poly-hIgG,polyclonal,3.0,150.0,7.6,1.0,75.0,25.0,Histidine,6.0,15.0,none,0,none,0.0,none,0.0,Arginine,120.0,0.9,0.9,1.7,1.7,1.6,1.47,1.28
326,F327,poly-hIgG,polyclonal,3.0,150.0,7.6,1.0,75.0,25.0,Histidine,6.0,15.0,none,0,none,0.0,none,0.0,Proline,25.0,0.9,0.9,2.0,2.0,2.0,1.84,1.6
327,F328,poly-hIgG,polyclonal,3.0,150.0,7.6,1.0,75.0,25.0,Histidine,6.0,15.0,none,0,Sucrose,0.4,none,0.0,Proline,75.0,0.9,0.9,2.4,2.1,1.8,1.66,1.44
328,F329,poly-hIgG,polyclonal,3.0,150.0,7.6,1.0,75.0,25.0,Histidine,6.0,15.0,none,0,none,0.0,none,0.0,Proline,150.0,0.9,0.9,1.5,1.5,1.5,1.5,1.5
329,F330,poly-hIgG,polyclonal,3.0,150.0,7.6,1.0,75.0,25.0,Histidine,6.0,15.0,none,0,none,0.0,none,0.0,Arginine,60.0,0.9,0.9,1.45,1.45,1.45,1.45,1.45
330,F331,poly-hIgG,polyclonal,3.0,150.0,7.6,1.0,75.0,25.0,Histidine,6.0,15.0,none,0,none,0.0,none,0.0,Proline,75.0,0.9,0.9,2.8,2.4,2.0,1.84,1.6
331,F332,poly-hIgG,polyclonal,3.0,150.0,7.6,1.0,75.0,25.0,Acetate,5.0,20.0,none,0,none,0.0,none,0.0,Arginine,60.0,0.9,0.9,2.23,2.23,2.23,2.23,2.0
332,F333,poly-hIgG,polyclonal,3.0,150.0,7.6,1.0,175.0,25.0,Histidine,6.0,15.0,none,0,none,0.0,none,0.0,Arginine,20.0,0.9,0.9,8.44,8.44,8.44,7.16,5.0
333,F334,poly-hIgG,polyclonal,3.0,150.0,7.6,1.0,175.0,25.0,Histidine,6.0,15.0,none,0,none,0.0,none,0.0,Arginine,60.0,0.9,0.9,7.15,7.15,7.15,6.89,4.75
334,F335,poly-hIgG,polyclonal,3.0,150.0,7.6,1.0,175.0,25.0,Histidine,6.0,15.0,none,0,none,0.0,none,0.0,Arginine,120.0,0.9,0.9,5.79,5.79,5.79,5.23,4.0
335,F336,poly-hIgG,polyclonal,3.0,150.0,7.6,1.0,175.0,25.0,Histidine,6.0,15.0,none,0,none,0.0,none,0.0,Proline,25.0,0.9,0.9,9.29,8.69,7.39,6.52,5.67
336,F337,poly-hIgG,polyclonal,3.0,150.0,7.6,1.0,175.0,25.0,Histidine,6.0,15.0,none,0,none,0.0,none,0.0,Proline,75.0,0.9,0.9,11.98,10.49,8.99,6.8,5.0
337,F338,poly-hIgG,polyclonal,3.0,150.0,7.6,1.0,175.0,25.0,Histidine,6.0,15.0,none,0,none,0.0,none,0.0,Proline,150.0,0.9,0.9,9.19,9.19,7.99,6.61,5.0
338,F339,poly-hIgG,polyclonal,3.0,150.0,7.6,1.0,125.0,25.0,Histidine,6.0,25.0,none,0,none,0.0,none,0.0,none,0.0,0.9,0.9,3.6,3.6,3.6,3.31,2.4
339,F340,poly-hIgG,polyclonal,3.0,150.0,7.6,1.0,125.0,25.0,Histidine,6.0,25.0,none,0,none,0.0,none,0.0,Arginine,25.0,0.9,0.9,2.59,2.59,2.59,2.59,2.59
340,F341,poly-hIgG,polyclonal,3.0,150.0,7.6,1.0,125.0,25.0,Histidine,6.0,25.0,none,0,none,0.0,none,0.0,Arginine,50.0,0.9,0.9,3.0,3.0,3.0,3.0,3.0
341,F342,poly-hIgG,polyclonal,3.0,150.0,7.6,1.0,125.0,25.0,Histidine,6.0,25.0,none,0,none,0.0,none,0.0,Arginine,75.0,0.9,0.9,5.79,4.74,4.74,4.31,3.66
342,F343,poly-hIgG,polyclonal,3.0,150.0,7.6,1.0,125.0,25.0,Histidine,6.0,25.0,none,0,none,0.0,none,0.0,Arginine,100.0,0.9,0.9,2.1,2.1,2.1,1.93,1.68
343,F344,poly-hIgG,polyclonal,3.0,150.0,7.6,1.0,125.0,25.0,Histidine,6.0,25.0,none,0,none,0.0,none,0.0,Arginine,150.0,0.9,0.9,2.71,2.71,2.71,2.5,2.17
344,F345,poly-hIgG,polyclonal,3.0,150.0,7.6,1.0,125.0,25.0,Histidine,6.0,25.0,none,0,none,0.0,none,0.0,Arginine,200.0,0.9,0.9,1.86,1.86,1.86,1.86,1.86
345,F346,poly-hIgG,polyclonal,3.0,150.0,7.6,1.0,125.0,25.0,Histidine,6.0,50.0,none,0,none,0.0,none,0.0,none,0.0,0.9,0.9,2.5,2.5,2.5,2.5,2.5
346,F347,poly-hIgG,polyclonal,3.0,150.0,7.6,1.0,75.0,25.0,Histidine,6.0,15.0,none,0,none,0.0,none,0.0,Lysine,25.0,0.9,0.9,1.5,1.5,1.21,1.12,1.12
347,F348,poly-hIgG,polyclonal,3.0,150.0,7.6,1.0,75.0,25.0,Histidine,6.0,15.0,none,0,none,0.0,none,0.0,Lysine,75.0,0.9,0.9,1.28,1.28,1.28,1.28,1.28
348,F349,poly-hIgG,polyclonal,3.0,150.0,7.6,1.0,75.0,25.0,Histidine,6.0,15.0,none,0,none,0.0,none,0.0,Lysine,150.0,0.9,0.9,1.51,1.51,1.51,1.51,1.51
349,F350,poly-hIgG,polyclonal,3.0,150.0,7.6,1.0,175.0,25.0,Histidine,6.0,15.0,none,0,none,0.0,none,0.0,Lysine,25.0,0.9,0.9,4.99,4.99,3.99,3.5,2.26
350,F351,poly-hIgG,polyclonal,3.0,150.0,7.6,1.0,175.0,25.0,Histidine,6.0,15.0,none,0,none,0.0,none,0.0,Lysine,75.0,0.9,0.9,4.56,4.56,4.56,4.2,2.83
351,F352,poly-hIgG,polyclonal,3.0,150.0,7.6,1.0,175.0,25.0,Histidine,6.0,15.0,none,0,none,0.0,none,0.0,Lysine,150.0,0.9,0.9,5.96,5.96,5.96,5.49,4.77
352,F353,poly-hIgG,polyclonal,3.0,150.0,7.6,1.0,75.0,25.0,Histidine,6.0,50.0,none,0,none,0.0,none,0.0,none,0.0,0.9,0.9,2.1,2.1,2.1,1.47,1.1
353,F354,poly-hIgG,polyclonal,3.0,150.0,7.6,1.0,75.0,25.0,Histidine,6.0,75.0,none,0,none,0.0,none,0.0,none,0.0,0.9,0.9,1.89,1.89,1.89,1.66,1.1
354,F355,poly-hIgG,polyclonal,3.0,150.0,7.6,1.0,175.0,25.0,Histidine,6.0,50.0,none,0,none,0.0,none,0.0,none,0.0,0.9,0.9,6.94,6.94,6.94,6.38,3.2
355,F356,poly-hIgG,polyclonal,3.0,150.0,7.6,1.0,175.0,25.0,Histidine,6.0,75.0,none,0,none,0.0,none,0.0,none,0.0,0.9,0.9,4.54,4.54,4.54,4.17,3.3
356,F357,poly-hIgG,polyclonal,3.0,150.0,7.6,1.0,125.0,25.0,Histidine,6.0,25.0,none,0,Sucrose,0.2,none,0.0,none,0.0,0.9,0.9,3.99,2.8,2.3,2.12,1.84
357,F358,poly-hIgG,polyclonal,3.0,150.0,7.6,1.0,125.0,25.0,Histidine,6.0,25.0,none,0,Sucrose,0.4,none,0.0,none,0.0,0.9,0.9,4.29,3.99,3.7,3.04,2.64
358,F359,poly-hIgG,polyclonal,3.0,150.0,7.6,1.0,125.0,25.0,Histidine,6.0,25.0,none,0,Sucrose,0.6,none,0.0,none,0.0,0.9,0.9,3.45,3.45,3.45,3.17,2.05
359,F360,poly-hIgG,polyclonal,3.0,150.0,7.6,1.0,125.0,25.0,Histidine,6.0,25.0,none,0,Sucrose,0.2,tween-80,0.05,none,0.0,0.9,0.9,3.0,2.0,1.91,1.91,1.8
360,F361,poly-hIgG,polyclonal,3.0,150.0,7.6,1.0,125.0,25.0,Histidine,6.0,25.0,none,0,Sucrose,0.2,tween-80,0.1,none,0.0,0.9,0.9,4.79,3.75,3.7,3.13,2.17
361,F362,poly-hIgG,polyclonal,3.0,150.0,7.6,1.0,125.0,25.0,Histidine,6.0,25.0,none,0,Sucrose,0.5,none,0.0,none,0.0,0.9,0.9,5.49,3.6,3.1,2.76,2.35
362,F363,poly-hIgG,polyclonal,3.0,150.0,7.6,1.0,125.0,25.0,Histidine,6.0,25.0,none,0,Sucrose,0.2,none,0.0,Arginine,25.0,0.9,0.9,4.99,3.5,3.3,2.85,2.07
363,F364,poly-hIgG,polyclonal,3.0,150.0,7.6,1.0,125.0,25.0,Histidine,6.0,25.0,none,0,Sucrose,0.2,none,0.0,Arginine,50.0,0.9,0.9,2.76,2.76,2.76,2.54,1.0
364,F365,poly-hIgG,polyclonal,3.0,150.0,7.6,1.0,125.0,25.0,Histidine,6.0,25.0,none,0,Sucrose,0.2,none,0.0,Arginine,75.0,0.9,0.9,3.8,3.5,3.1,2.76,1.7
365,F366,poly-hIgG,polyclonal,3.0,150.0,7.6,1.0,75.0,25.0,Acetate,5.0,20.0,none,0,none,0.0,none,0.0,Arginine,20.0,0.9,0.9,1.74,1.74,1.74,1.74,1.7
366,F367,poly-hIgG,polyclonal,3.0,150.0,7.6,1.0,75.0,25.0,Acetate,5.0,20.0,none,0,Sucrose,0.2,none,0.0,Arginine,60.0,0.9,0.9,2.4,2.4,2.4,2.4,2.4
367,F368,poly-hIgG,polyclonal,3.0,150.0,7.6,1.0,75.0,25.0,Acetate,5.0,20.0,none,0,none,0.0,none,0.0,Arginine,60.0,0.9,0.9,1.5,1.5,1.5,1.5,1.5
368,F369,poly-hIgG,polyclonal,3.0,150.0,7.6,1.0,75.0,25.0,Acetate,5.0,20.0,none,0,none,0.0,none,0.0,Proline,25.0,0.9,0.9,1.56,1.56,1.56,1.56,1.56
369,F370,poly-hIgG,polyclonal,3.0,150.0,7.6,1.0,75.0,25.0,Acetate,5.0,20.0,none,0,none,0.0,none,0.0,Proline,75.0,0.9,0.9,1.8,1.8,1.8,1.8,1.8
370,F371,poly-hIgG,polyclonal,3.0,150.0,7.6,1.0,75.0,25.0,Acetate,5.0,20.0,none,0,none,0.0,none,0.0,Proline,150.0,0.9,0.9,2.5,2.0,1.6,1.47,1.28
371,F372,poly-hIgG,polyclonal,3.0,150.0,7.6,1.0,175.0,25.0,Acetate,5.0,20.0,none,0,none,0.0,none,0.0,Arginine,20.0,0.9,0.9,8.8,8.8,8.8,8.1,4.0
372,F373,poly-hIgG,polyclonal,3.0,150.0,7.6,1.0,175.0,25.0,Acetate,5.0,20.0,none,0,none,0.0,none,0.0,Arginine,60.0,0.9,0.9,7.54,7.54,7.54,6.93,4.4
373,F374,poly-hIgG,polyclonal,3.0,150.0,7.6,1.0,175.0,25.0,Acetate,5.0,20.0,none,0,none,0.0,none,0.0,Arginine,120.0,0.9,0.9,7.26,7.26,7.26,6.61,5.5
374,F375,poly-hIgG,polyclonal,3.0,150.0,7.6,1.0,175.0,25.0,Acetate,5.0,20.0,none,0,none,0.0,none,0.0,Proline,25.0,0.9,0.9,8.75,8.75,8.75,7.9,5.11
375,F376,poly-hIgG,polyclonal,3.0,150.0,7.6,1.0,175.0,25.0,Acetate,5.0,20.0,none,0,none,0.0,none,0.0,Proline,75.0,0.9,0.9,6.64,6.64,6.29,5.51,2.67
376,F377,poly-hIgG,polyclonal,3.0,150.0,7.6,1.0,175.0,25.0,Acetate,5.0,20.0,none,0,none,0.0,none,0.0,Proline,150.0,0.9,0.9,10.49,10.49,10.49,9.19,6.6
377,F378,poly-hIgG,polyclonal,3.0,150.0,7.6,1.0,75.0,25.0,Acetate,5.0,20.0,none,0,none,0.0,none,0.0,Lysine,25.0,0.9,0.9,1.78,1.78,1.78,1.78,1.78
378,F379,poly-hIgG,polyclonal,3.0,150.0,7.6,1.0,75.0,25.0,Acetate,5.0,20.0,none,0,none,0.0,none,0.0,Lysine,75.0,0.9,0.9,1.68,1.68,1.68,1.68,1.68
379,F380,poly-hIgG,polyclonal,3.0,150.0,7.6,1.0,75.0,25.0,Acetate,5.0,20.0,none,0,none,0.0,none,0.0,Lysine,150.0,0.9,0.9,1.56,1.56,1.56,1.56,1.56
380,F381,poly-hIgG,polyclonal,3.0,150.0,7.6,1.0,175.0,25.0,Acetate,5.0,20.0,none,0,none,0.0,none,0.0,Lysine,25.0,0.9,0.9,4.19,4.19,4.19,3.76,2.9
381,F382,poly-hIgG,polyclonal,3.0,150.0,7.6,1.0,175.0,25.0,Acetate,5.0,20.0,none,0,none,0.0,none,0.0,Lysine,75.0,0.9,0.9,6.01,6.01,6.01,5.32,3.64
382,F383,poly-hIgG,polyclonal,3.0,150.0,7.6,1.0,175.0,25.0,Acetate,5.0,20.0,none,0,none,0.0,none,0.0,Lysine,150.0,0.9,0.9,5.24,5.24,4.74,4.31,3.75
383,F384,poly-hIgG,polyclonal,3.0,150.0,7.6,1.0,125.0,25.0,Acetate,5.0,50.0,none,0,none,0.0,none,0.0,none,0.0,0.9,0.9,5.29,4.89,4.44,4.04,3.04
384,F385,poly-hIgG,polyclonal,3.0,150.0,7.6,1.0,125.0,25.0,Acetate,5.0,80.0,none,0,none,0.0,none,0.0,none,0.0,0.9,0.9,3.26,3.26,3.26,2.76,2.25
385,F386,poly-hIgG,polyclonal,3.0,150.0,7.6,1.0,125.0,25.0,Histidine,6.0,50.0,none,0,none,0.0,none,0.0,none,0.0,0.9,0.9,4.49,3.5,3.5,3.22,2.8
386,F387,poly-hIgG,polyclonal,3.0,150.0,7.6,1.0,125.0,25.0,Histidine,6.0,75.0,none,0,none,0.0,none,0.0,none,0.0,0.9,0.9,3.7,3.05,3.0,2.76,2.4
387,F388,poly-hIgG,polyclonal,3.0,150.0,7.6,1.0,125.0,25.0,Histidine,6.0,97.0,none,0,none,0.0,none,0.0,none,0.0,0.9,0.9,2.65,2.65,2.65,2.44,1.8
388,F389,Belatacept,Fc-Fusion,4.5,90.0,5.6,0.5,70.0,25.0,Histidine,6.0,15.0,none,0,none,0.0,none,0.0,none,0.0,1.4,1.5,3.94,3.94,3.94,3.31,1.8
389,F390,Belatacept,Fc-Fusion,4.5,90.0,5.6,0.5,55.0,25.0,Histidine,6.0,15.0,none,0,none,0.0,none,0.0,none,0.0,1.4,1.5,2.3,2.3,2.3,2.12,1.84
390,F391,Belatacept,Fc-Fusion,4.5,90.0,5.6,0.5,55.0,25.0,Histidine,6.0,30.0,none,0,none,0.0,none,0.0,none,0.0,1.4,1.5,2.05,2.05,2.05,1.89,1.64
391,F392,Belatacept,Fc-Fusion,4.5,90.0,5.6,0.5,55.0,25.0,Histidine,6.0,15.0,none,0,Sucrose,0.3,none,0.0,Arginine,25.0,1.4,1.5,3.0,2.35,2.35,1.66,1.1
392,F393,Belatacept,Fc-Fusion,4.5,90.0,5.6,0.5,55.0,25.0,Histidine,6.0,15.0,none,0,Sucrose,0.3,none,0.0,none,0.0,1.4,1.5,2.19,2.19,2.19,2.19,2.19
393,F394,Belatacept,Fc-Fusion,4.5,90.0,5.6,0.5,20.0,25.0,Histidine,6.0,15.0,none,0,none,0.0,none,0.0,none,0.0,1.4,1.5,1.66,1.66,1.19,1.09,0.95
394,F395,Belatacept,Fc-Fusion,4.5,90.0,5.6,0.5,70.0,25.0,PBS,7.4,10.0,NaCl,140,none,0.0,none,0.0,none,0.0,1.4,1.5,2.9,2.55,2.55,2.55,2.5
395,F396,Belatacept,Fc-Fusion,4.5,90.0,5.6,0.5,70.0,25.0,PBS,7.4,10.0,NaCl,140,Sucrose,0.2,none,0.0,none,0.0,1.4,1.5,3.39,3.39,3.39,2.76,2.1
396,F397,Belatacept,Fc-Fusion,4.5,90.0,5.6,0.5,70.0,25.0,PBS,7.4,10.0,NaCl,140,none,0.0,none,0.0,Arginine,25.0,1.4,1.5,2.25,2.25,2.25,2.25,2.25
397,F398,Belatacept,Fc-Fusion,4.5,90.0,5.6,0.5,70.0,25.0,PBS,7.4,10.0,NaCl,140,none,0.0,none,0.0,Proline,25.0,1.4,1.5,2.89,2.89,2.89,2.66,2.31
398,F399,Belatacept,Fc-Fusion,4.5,90.0,5.6,0.5,35.0,25.0,PBS,7.4,10.0,NaCl,140,none,0.0,none,0.0,none,0.0,1.4,1.5,1.3,1.3,1.3,1.3,1.3
399,F400,Etanercept,Fc-Fusion,4.5,150.0,7.9,0.6,55.0,25.0,Acetate,5.0,20.0,none,0,none,0.0,none,0.0,none,0.0,1.4,1.5,4.59,4.59,3.3,3.04,1.75
400,F401,Etanercept,Fc-Fusion,4.5,150.0,7.9,0.6,55.0,25.0,Acetate,5.0,20.0,none,0,Sucrose,0.25,none,0.0,none,0.0,1.4,1.5,5.34,5.34,5.34,4.59,2.8
401,F402,Etanercept,Fc-Fusion,4.5,150.0,7.9,0.6,55.0,25.0,Acetate,5.0,20.0,NaCl,140,none,0.0,none,0.0,none,0.0,1.4,1.5,4.28,4.28,4.04,3.71,2.42
402,F403,Etanercept,Fc-Fusion,4.5,150.0,7.9,0.6,20.0,25.0,Acetate,5.0,20.0,none,0,none,0.0,none,0.0,Arginine,25.0,1.4,1.5,1.55,1.55,1.55,1.55,1.55
403,F404,Etanercept,Fc-Fusion,4.5,150.0,7.9,0.6,20.0,25.0,Acetate,5.0,20.0,none,0,Sucrose,0.25,none,0.0,Arginine,25.0,1.4,1.5,1.98,1.98,1.98,1.98,1.98
404,F405,Etanercept,Fc-Fusion,4.5,150.0,7.9,0.6,20.0,25.0,Acetate,5.0,20.0,none,0,none,0.0,none,0.0,none,0.0,1.4,1.5,1.65,1.65,1.65,1.65,1.6
405,F406,Etanercept,Fc-Fusion,4.5,150.0,7.9,0.6,20.0,25.0,Acetate,5.0,20.0,none,0,Sucrose,0.25,tween-80,0.05,Arginine,25.0,1.4,1.5,2.11,2.11,2.11,2.11,2.1
406,F407,Etanercept,Fc-Fusion,4.5,150.0,7.9,0.6,55.0,25.0,PBS,7.4,10.0,NaCl,140,Sucrose,0.2,none,0.0,none,0.0,1.4,1.5,5.69,5.69,5.69,5.23,2.4
407,F408,Etanercept,Fc-Fusion,4.5,150.0,7.9,0.6,55.0,25.0,PBS,7.4,10.0,NaCl,140,none,0.0,none,0.0,Arginine,25.0,1.4,1.5,6.79,6.79,5.99,5.51,3.0
408,F409,Etanercept,Fc-Fusion,4.5,150.0,7.9,0.6,55.0,25.0,PBS,7.4,10.0,NaCl,140,Sucrose,0.2,none,0.0,Arginine,25.0,1.4,1.5,7.66,7.66,7.66,6.43,2.2
409,F410,Etanercept,Fc-Fusion,4.5,150.0,7.9,0.6,20.0,25.0,PBS,7.4,10.0,NaCl,140,none,0.0,none,0.0,none,0.0,1.4,1.5,1.51,1.51,1.51,1.51,1.5
410,F411,Etanercept,Fc-Fusion,4.5,150.0,7.9,0.6,20.0,25.0,PBS,7.4,10.0,NaCl,140,none,0.0,tween-80,0.05,none,0.0,1.4,1.5,1.66,1.66,1.66,1.66,1.0
411,F412,Etanercept,Fc-Fusion,4.5,150.0,7.9,0.6,134.0,25.0,Histidine,6.0,15.0,none,0,none,0.0,none,0.0,none,0.0,1.4,1.5,68.89,66.89,56.91,34.9,8.1
412,F413,Etanercept,Fc-Fusion,4.5,150.0,7.9,0.6,55.0,25.0,Histidine,6.0,15.0,none,0,none,0.0,none,0.0,none,0.0,1.4,1.5,4.09,4.09,4.09,3.76,2.15
413,F414,Etanercept,Fc-Fusion,4.5,150.0,7.9,0.6,55.0,25.0,Histidine,6.0,30.0,none,0,none,0.0,none,0.0,none,0.0,1.4,1.5,6.99,4.99,4.39,3.5,2.1
414,F415,Etanercept,Fc-Fusion,4.5,150.0,7.9,0.6,55.0,25.0,Histidine,6.0,15.0,NaCl,140,none,0.0,none,0.0,none,0.0,1.4,1.5,5.83,5.83,5.19,4.5,1.35
415,F416,Etanercept,Fc-Fusion,4.5,150.0,7.9,0.6,55.0,25.0,Histidine,6.0,30.0,none,0,none,0.0,none,0.0,Lysine,25.0,1.4,1.5,6.56,6.56,4.99,4.59,1.0
416,F417,Etanercept,Fc-Fusion,4.5,150.0,7.9,0.6,20.0,25.0,Histidine,6.0,30.0,none,0,none,0.0,none,0.0,none,0.0,1.4,1.5,1.1,1.1,1.1,0.9,0.9
417,F418,Etanercept,Fc-Fusion,4.5,150.0,7.9,0.6,20.0,25.0,Histidine,6.0,30.0,none,0,none,0.0,none,0.0,Arginine,25.0,1.4,1.5,1.21,1.21,1.21,1.1,1.0
418,F419,Etanercept,Fc-Fusion,4.5,150.0,7.9,0.6,20.0,25.0,Histidine,6.0,30.0,none,0,none,0.0,tween-80,0.05,Arginine,25.0,1.4,1.5,1.84,1.84,1.84,1.38,1.12
419,F420,Etanercept,Fc-Fusion,4.5,150.0,7.9,0.6,100.0,25.0,Histidine,6.0,15.0,none,0,none,0.0,none,0.0,none,0.0,1.4,1.5,24.96,19.96,18.98,11.94,4.3
420,F421,Etanercept,Fc-Fusion,4.5,150.0,7.9,0.6,120.0,25.0,Histidine,6.0,15.0,none,0,none,0.0,none,0.0,none,0.0,1.4,1.5,47.93,39.94,32.95,22.97,6.0
421,F422,Etanercept,Fc-Fusion,4.5,150.0,7.9,0.6,150.0,25.0,Histidine,6.0,15.0,none,0,none,0.0,none,0.0,none,0.0,1.4,1.5,99.84,99.84,89.85,55.11,10.5
422,F423,Belatacept,Fc-Fusion,4.5,90.0,5.6,0.5,110.0,25.0,Histidine,6.0,15.0,none,0,none,0.0,none,0.0,none,0.0,1.4,1.5,7.29,7.29,7.29,6.43,3.2
423,F424,Pembrolizumab,mAb_IgG4,3.5,149.0,7.57,0.3,74.0,25.0,Histidine,6.0,15.0,none,0,none,0.0,none,0.0,none,0.0,1.3,1.1,5.63,5.0,4.75,4.14,2.0
424,F425,Pembrolizumab,mAb_IgG4,3.5,149.0,7.57,0.3,150.0,25.0,Histidine,6.0,15.0,none,0,none,0.0,none,0.0,none,0.0,1.3,1.1,25.63,21.0,18.38,14.61,8.3
425,F426,Pembrolizumab,mAb_IgG4,3.5,149.0,7.57,0.3,135.0,25.0,Histidine,6.0,15.0,none,0,none,0.0,none,0.0,none,0.0,1.3,1.1,27.0,20.13,15.88,10.81,2.2
426,F427,Pembrolizumab,mAb_IgG4,3.5,149.0,7.57,0.3,214.0,25.0,Histidine,6.0,15.0,none,0,none,0.0,none,0.0,none,0.0,1.3,1.1,43.75,43.75,43.75,40.25,14.0
427,F428,Pembrolizumab,mAb_IgG4,3.5,149.0,7.57,0.3,49.0,25.0,Histidine,6.0,15.0,none,0,none,0.0,none,0.0,none,0.0,1.3,1.1,1.63,1.63,1.5,1.5,1.5
428,F429,Pembrolizumab,mAb_IgG4,3.5,149.0,7.57,0.3,80.0,25.0,Histidine,6.0,15.0,none,0,none,0.0,none,0.0,none,0.0,1.3,1.1,5.75,5.63,5.13,4.14,2.5
429,F430,Pembrolizumab,mAb_IgG4,3.5,149.0,7.57,0.3,80.0,25.0,Histidine,6.0,15.0,NaCl,140,none,0.0,none,0.0,none,0.0,1.3,1.1,4.25,3.38,2.88,2.19,1.1
430,F431,Pembrolizumab,mAb_IgG4,3.5,149.0,7.57,0.3,80.0,25.0,Histidine,6.0,15.0,none,0,Sucrose,0.4,none,0.0,none,0.0,1.3,1.1,6.75,5.0,4.38,3.45,1.9
431,F432,Pembrolizumab,mAb_IgG4,3.5,149.0,7.57,0.3,80.0,25.0,Histidine,6.0,15.0,none,0,none,0.0,tween-80,0.05,none,0.0,1.3,1.1,5.0,4.0,3.5,2.76,1.6
432,F433,Pembrolizumab,mAb_IgG4,3.5,149.0,7.57,0.3,80.0,25.0,Histidine,6.0,15.0,NaCl,140,Sucrose,0.4,none,0.0,none,0.0,1.3,1.1,3.75,3.25,3.0,2.65,2.3
433,F434,Pembrolizumab,mAb_IgG4,3.5,149.0,7.57,0.3,99.0,25.0,Histidine,6.0,15.0,none,0,none,0.0,none,0.0,Arginine,250.0,1.3,1.1,6.63,6.25,6.25,5.75,5.2
434,F435,Pembrolizumab,mAb_IgG4,3.5,149.0,7.57,0.3,80.0,25.0,Histidine,6.0,15.0,NaCl,140,Sucrose,0.4,none,0.0,Arginine,250.0,1.3,1.1,7.25,6.25,5.63,4.72,3.2
435,F436,Pembrolizumab,mAb_IgG4,3.5,149.0,7.57,0.3,80.0,25.0,Histidine,6.0,15.0,none,0,Sucrose,0.4,none,0.0,Proline,75.0,1.3,1.1,6.38,5.13,4.5,3.68,2.2
436,F437,Pembrolizumab,mAb_IgG4,3.5,149.0,7.57,0.3,80.0,25.0,Histidine,6.0,15.0,none,0,Sucrose,0.4,none,0.0,Proline,250.0,1.3,1.1,4.63,3.5,3.0,2.3,1.9
437,F438,Pembrolizumab,mAb_IgG4,3.5,149.0,7.57,0.3,80.0,25.0,Histidine,6.0,15.0,NaCl,140,Sucrose,0.4,none,0.0,Proline,250.0,1.3,1.1,7.0,5.5,4.63,3.57,2.0
438,F439,Pembrolizumab,mAb_IgG4,3.5,149.0,7.57,0.3,99.0,25.0,Histidine,6.0,15.0,NaCl,140,Sucrose,0.4,none,0.0,Proline,250.0,1.3,1.1,5.13,4.0,3.5,2.88,2.0
439,F440,Pembrolizumab,mAb_IgG4,3.5,149.0,7.57,0.3,135.0,25.0,Histidine,6.0,15.0,none,0,Sucrose,0.4,tween-80,0.05,none,0.0,1.3,1.1,7.25,6.5,6.13,5.18,3.8
440,F441,Pembrolizumab,mAb_IgG4,3.5,149.0,7.57,0.3,135.0,25.0,Histidine,6.0,15.0,NaCl,140,none,0.0,none,0.0,none,0.0,1.3,1.1,7.75,6.88,6.0,4.83,2.8
441,F442,Pembrolizumab,mAb_IgG4,3.5,149.0,7.57,0.3,135.0,25.0,Histidine,6.0,15.0,none,0,none,0.0,none,0.0,Arginine,25.0,1.3,1.1,9.5,7.5,6.25,4.83,2.4
442,F443,Pembrolizumab,mAb_IgG4,3.5,149.0,7.57,0.3,135.0,25.0,Histidine,6.0,15.0,none,0,none,0.0,none,0.0,Arginine,100.0,1.3,1.1,6.0,5.63,5.25,4.6,3.6
443,F444,Pembrolizumab,mAb_IgG4,3.5,149.0,7.57,0.3,135.0,25.0,Histidine,6.0,15.0,NaCl,140,none,0.0,none,0.0,Arginine,100.0,1.3,1.1,6.88,6.0,5.63,4.83,3.7
444,F445,none,none,0.0,0.0,0.0,0.0,0.0,25.0,Histidine,6.0,15.0,none,0,none,0.0,none,0.0,none,0.0,0.0,0.0,1.0,1.0,1.0,1.0,1.0
445,F446,Adalimumab,mAb_IgG1,3.0,148.0,8.7,0.3,135.0,25.0,Histidine,6.0,15.0,none,0,none,0.0,none,0.0,none,0.0,1.0,1.0,10.31,8.75,7.88,7.25,1.35
446,F447,Adalimumab,mAb_IgG1,3.0,148.0,8.7,0.3,135.0,25.0,Histidine,6.0,15.0,NaCl,140,none,0.0,none,0.0,none,0.0,1.0,1.0,7.5,6.38,5.75,4.83,3.0
447,F448,Adalimumab,mAb_IgG1,3.0,148.0,8.7,0.3,135.0,25.0,Histidine,6.0,15.0,none,0,Sucrose,0.4,none,0.0,none,0.0,1.0,1.0,8.38,8.38,8.38,7.71,1.4
448,F449,Adalimumab,mAb_IgG1,3.0,148.0,8.7,0.3,135.0,25.0,Histidine,6.0,15.0,none,0,none,0.0,tween-80,0.05,none,0.0,1.0,1.0,8.13,7.38,7.38,6.79,2.7
449,F450,Adalimumab,mAb_IgG1,3.0,148.0,8.7,0.3,135.0,25.0,Histidine,6.0,15.0,none,0,none,0.0,none,0.0,Arginine,25.0,1.0,1.0,11.38,8.75,7.63,6.1,3.6
450,F451,Adalimumab,mAb_IgG1,3.0,148.0,8.7,0.3,135.0,25.0,Histidine,6.0,15.0,none,0,none,0.0,none,0.0,Arginine,100.0,1.0,1.0,5.13,4.25,4.0,3.45,2.6
451,F452,Adalimumab,mAb_IgG1,3.0,148.0,8.7,0.3,135.0,25.0,Histidine,6.0,15.0,NaCl,140,none,0.0,none,0.0,Arginine,100.0,1.0,1.0,9.25,6.5,5.63,4.49,2.6
452,F453,Adalimumab,mAb_IgG1,3.0,148.0,8.7,0.3,135.0,25.0,Histidine,6.0,15.0,none,0,Sucrose,0.4,none,0.0,Arginine,100.0,1.0,1.0,4.0,3.88,3.88,3.57,2.2
453,F454,Adalimumab,mAb_IgG1,3.0,148.0,8.7,0.3,135.0,25.0,Histidine,6.0,15.0,none,0,none,0.0,none,0.0,Arginine,250.0,1.0,1.0,3.75,3.75,3.75,3.45,3.45
454,F455,Adalimumab,mAb_IgG1,3.0,148.0,8.7,0.3,135.0,25.0,Histidine,6.0,15.0,none,0,none,0.0,tween-80,0.05,Arginine,100.0,1.0,1.0,3.88,3.5,3.38,2.99,2.6
455,F456,Adalimumab,mAb_IgG1,3.0,148.0,8.7,0.3,135.0,25.0,Histidine,6.0,15.0,none,0,none,0.0,none,0.0,Lysine,25.0,1.0,1.0,3.63,3.63,3.63,3.34,2.3
456,F457,Adalimumab,mAb_IgG1,3.0,148.0,8.7,0.3,135.0,25.0,Histidine,6.0,15.0,none,0,none,0.0,none,0.0,Lysine,100.0,1.0,1.0,5.75,5.75,5.75,5.29,2.6
457,F458,Adalimumab,mAb_IgG1,3.0,148.0,8.7,0.3,135.0,25.0,Histidine,6.0,15.0,NaCl,140,none,0.0,none,0.0,Lysine,100.0,1.0,1.0,6.63,5.25,4.5,3.68,2.2
458,F459,Adalimumab,mAb_IgG1,3.0,148.0,8.7,0.3,135.0,25.0,Histidine,6.0,15.0,none,0,Sucrose,0.4,none,0.0,Lysine,100.0,1.0,1.0,6.38,5.38,4.75,3.91,2.6
459,F460,Adalimumab,mAb_IgG1,3.0,148.0,8.7,0.3,135.0,25.0,Histidine,6.0,15.0,none,0,none,0.0,tween-80,0.05,Lysine,100.0,1.0,1.0,5.25,5.0,5.0,5.0,5.0
460,F461,Adalimumab,mAb_IgG1,3.0,148.0,8.7,0.3,135.0,25.0,Histidine,6.0,15.0,none,0,none,0.0,none,0.0,Lysine,250.0,1.0,1.0,2.5,2.13,2.0,1.73,1.5
461,F462,Adalimumab,mAb_IgG1,3.0,148.0,8.7,0.3,135.0,25.0,Histidine,6.0,15.0,none,0,none,0.0,none,0.0,Proline,25.0,1.0,1.0,4.88,4.88,4.75,4.37,3.8
462,F463,Adalimumab,mAb_IgG1,3.0,148.0,8.7,0.3,135.0,25.0,Histidine,6.0,15.0,none,0,none,0.0,none,0.0,Proline,100.0,1.0,1.0,5.63,4.25,3.88,3.34,2.4
463,F464,Adalimumab,mAb_IgG1,3.0,148.0,8.7,0.3,135.0,25.0,Histidine,6.0,15.0,none,0,none,0.0,none,0.0,Proline,250.0,1.0,1.0,3.5,2.63,2.13,1.73,1.5
464,F465,Vudalimab,Bispecific,5.0,152.0,8.1,0.3,240.0,25.0,Histidine,6.0,15.0,none,0,none,0.0,none,0.0,none,0.0,1.5,1.3,16.25,11.0,9.63,7.71,4.6
465,F466,Vudalimab,Bispecific,5.0,152.0,8.1,0.3,145.0,25.0,Histidine,6.0,15.0,none,0,none,0.0,none,0.0,none,0.0,1.5,1.3,4.5,4.25,4.25,4.25,4.25
466,F467,Vudalimab,Bispecific,5.0,152.0,8.1,0.3,80.0,25.0,Histidine,6.0,15.0,none,0,none,0.0,none,0.0,none,0.0,1.5,1.3,4.13,2.88,2.5,2.07,1.3
467,F468,Vudalimab,Bispecific,5.0,152.0,8.1,0.3,100.0,25.0,Histidine,6.0,15.0,none,0,none,0.0,none,0.0,none,0.0,1.5,1.3,3.38,3.25,3.13,2.76,2.3
468,F469,Vudalimab,Bispecific,5.0,152.0,8.1,0.3,100.0,25.0,Histidine,6.0,15.0,NaCl,140,none,0.0,none,0.0,none,0.0,1.5,1.3,1.5,1.5,1.5,1.5,1.5
469,F470,Vudalimab,Bispecific,5.0,152.0,8.1,0.3,100.0,25.0,Histidine,6.0,15.0,none,0,Sucrose,0.4,none,0.0,none,0.0,1.5,1.3,2.88,2.38,1.88,1.38,1.0
470,F471,Vudalimab,Bispecific,5.0,152.0,8.1,0.3,100.0,25.0,Histidine,6.0,15.0,none,0,none,0.0,tween-80,0.05,none,0.0,1.5,1.3,2.63,2.63,2.5,2.19,1.9
471,F472,Vudalimab,Bispecific,5.0,152.0,8.1,0.3,100.0,25.0,Histidine,6.0,15.0,NaCl,140,Sucrose,0.4,none,0.0,none,0.0,1.5,1.3,3.13,2.38,2.13,1.84,1.3
472,F473,Vudalimab,Bispecific,5.0,152.0,8.1,0.3,145.0,25.0,Histidine,6.0,15.0,none,0,none,0.0,none,0.0,Arginine,100.0,1.5,1.3,8.0,5.38,4.88,4.03,2.7
473,F474,Vudalimab,Bispecific,5.0,152.0,8.1,0.3,145.0,25.0,Histidine,6.0,15.0,none,0,none,0.0,none,0.0,Arginine,200.0,1.5,1.3,6.25,5.25,5.0,4.49,3.7
474,F475,Vudalimab,Bispecific,5.0,152.0,8.1,0.3,276.0,25.0,Acetate,5.0,20.0,none,0,none,0.0,none,0.0,none,0.0,1.5,1.3,12.88,10.63,9.88,8.4,6.1
475,F476,Vudalimab,Bispecific,5.0,152.0,8.1,0.3,138.0,25.0,Acetate,5.0,20.0,none,0,none,0.0,none,0.0,none,0.0,1.5,1.3,3.13,2.5,2.5,2.5,2.5
476,F477,Vudalimab,Bispecific,5.0,152.0,8.1,0.3,69.0,25.0,Acetate,5.0,20.0,none,0,none,0.0,none,0.0,none,0.0,1.5,1.3,1.38,1.25,1.25,1.13,1.0
477,F478,Vudalimab,Bispecific,5.0,152.0,8.1,0.3,150.0,25.0,Acetate,5.0,20.0,NaCl,175,none,0.0,none,0.0,none,0.0,1.5,1.3,3.38,3.13,3.13,2.88,2.5
478,F479,Vudalimab,Bispecific,5.0,152.0,8.1,0.3,150.0,25.0,Acetate,5.0,20.0,none,0,Sucrose,0.5,none,0.0,none,0.0,1.5,1.3,9.5,7.63,7.0,5.98,4.3
479,F480,Vudalimab,Bispecific,5.0,152.0,8.1,0.3,150.0,25.0,Acetate,5.0,20.0,none,0,none,0.0,tween-80,0.0625,none,0.0,1.5,1.3,4.25,3.88,3.75,3.34,2.8
480,F481,Vudalimab,Bispecific,5.0,152.0,8.1,0.3,150.0,25.0,Acetate,5.0,20.0,NaCl,175,Sucrose,0.5,none,0.0,none,0.0,1.5,1.3,13.13,9.25,8.25,6.67,4.0
481,F482,Vudalimab,Bispecific,5.0,152.0,8.1,0.3,150.0,25.0,Histidine,6.0,15.0,none,0,none,0.0,none,0.0,none,0.0,1.5,1.3,5.25,4.75,4.63,4.26,3.7
482,F483,Vudalimab,Bispecific,5.0,152.0,8.1,0.3,50.0,25.0,Histidine,6.0,15.0,none,0,none,0.0,none,0.0,none,0.0,1.5,1.3,2.0,2.0,1.63,1.5,1.4
483,F484,Vudalimab,Bispecific,5.0,152.0,8.1,0.3,50.0,25.0,Histidine,6.0,15.0,none,0,Sucrose,0.4,none,0.0,none,0.0,1.5,1.3,2.38,1.88,1.75,1.5,1.3
484,F485,Vudalimab,Bispecific,5.0,152.0,8.1,0.3,50.0,25.0,Histidine,6.0,15.0,none,0,Sucrose,0.8,none,0.0,none,0.0,1.5,1.3,1.5,1.5,1.38,1.27,1.2
485,F486,Vudalimab,Bispecific,5.0,152.0,8.1,0.3,150.0,25.0,Histidine,6.0,15.0,NaCl,140,Sucrose,0.8,none,0.0,none,0.0,1.5,1.3,4.25,3.75,3.63,3.22,2.7
486,F487,Vudalimab,Bispecific,5.0,152.0,8.1,0.3,150.0,25.0,Histidine,6.0,15.0,none,0,Sucrose,0.4,none,0.0,none,0.0,1.5,1.3,3.63,3.63,3.63,3.34,2.5
487,F488,Nivolumab,mAb_IgG4,3.5,146.0,8.8,0.3,12.0,25.75,PBS,7.4,10.0,NaCl,140,none,0.0,none,0.0,none,0.0,1.3,1.1,1.48,1.48,1.42992162383138,1.3209192384736852,1.05
488,F489,Nivolumab,mAb_IgG4,3.5,146.0,8.8,0.3,53.0,25.25,PBS,7.4,10.0,NaCl,140,none,0.0,none,0.0,Arginine,5.0,1.3,1.1,2.91,2.761467213372999,2.543790025335465,2.393708266764341,2.17
489,F490,Nivolumab,mAb_IgG4,3.5,146.0,8.8,0.3,82.0,25.68,Histidine,6.0,15.0,none,0,none,0.0,none,0.0,Arginine,25.0,1.3,1.1,3.04,3.0186446145934664,2.7501273993667743,2.512858220029287,2.0
490,F491,Nivolumab,mAb_IgG4,3.5,146.0,8.8,0.3,69.0,26.04,PBS,7.4,10.0,NaCl,140,none,0.0,none,0.0,Arginine,25.0,1.3,1.1,2.57,2.470900147732846,2.3779344387421952,2.3196476249520104,2.21
491,F492,Nivolumab,mAb_IgG4,3.5,146.0,8.8,0.3,119.0,26.14,Histidine,6.0,15.0,none,0,none,0.0,none,0.0,Lysine,125.0,1.3,1.1,3.27,3.213736226723729,2.953627106930759,2.5954413689699103,1.78
492,F493,Nivolumab,mAb_IgG4,3.5,146.0,8.8,0.3,148.0,25.69,Histidine,6.0,15.0,none,0,none,0.0,none,0.0,Lysine,25.0,1.3,1.1,2.96,2.737572288520089,2.27857542117122,1.9586604357601929,1.41
493,F494,Nivolumab,mAb_IgG4,3.5,146.0,8.8,0.3,335.0,25.21,Histidine,6.0,15.0,none,0,none,0.0,none,0.0,none,0.0,1.3,1.1,108.62763247668865,110.48915866313888,113.44864108990168,112.93919802120152,28.59806775862293
494,F495,Nivolumab,mAb_IgG4,3.5,146.0,8.8,0.3,168.0,25.25,Histidine,6.0,15.0,none,0,none,0.0,none,0.0,none,0.0,1.3,1.1,4.52,4.623166461405889,4.520119365178778,4.014935817598745,1.86
495,F496,Nivolumab,mAb_IgG4,3.5,146.0,8.8,0.3,55.0,25.64,Histidine,6.0,15.0,none,0,none,0.0,none,0.0,none,0.0,1.3,1.1,1.72,1.72,1.4334819052941308,1.3096125718659462,1.13
496,F497,Nivolumab,mAb_IgG4,3.5,146.0,8.8,0.3,122.0,24.47,Histidine,6.0,15.0,none,0,none,0.0,none,0.0,none,0.0,1.3,1.1,2.99,3.0040753434604546,2.799297614243684,3.0481759903734824,1.8
497,F498,Nivolumab,mAb_IgG4,3.5,146.0,8.8,0.3,26.0,26.0,Histidine,6.0,15.0,none,0,none,0.0,none,0.0,none,0.0,1.3,1.1,1.04,1.04,1.0155001997063864,1.0116806923245345,1.02
498,F499,Nivolumab,mAb_IgG4,3.5,146.0,8.8,0.3,321.0,26.03,PBS,7.4,10.0,NaCl,140,none,0.0,none,0.0,none,0.0,1.3,1.1,64.4,52.090734368908855,43.026137652974505,34.23232435878468,15.155465680842164
499,F500,Nivolumab,mAb_IgG4,3.5,146.0,8.8,0.3,172.0,25.77,PBS,7.4,10.0,NaCl,140,none,0.0,none,0.0,none,0.0,1.3,1.1,4.95,4.871529928156416,4.869452318610989,4.848882223507466,3.281140481883721
500,F501,Nivolumab,mAb_IgG4,3.5,146.0,8.8,0.3,99.0,25.85,PBS,7.4,10.0,NaCl,140,none,0.0,none,0.0,none,0.0,1.3,1.1,2.37,2.4363815075846658,2.260401894,2.0098135783722286,1.45
501,F502,Nivolumab,mAb_IgG4,3.5,146.0,8.8,0.3,25.0,25.73,PBS,7.4,10.0,NaCl,140,none,0.0,none,0.0,none,0.0,1.3,1.1,1.31,1.31,1.4087540562838334,1.5227159116507298,1.25
502,F503,Nivolumab,mAb_IgG4,3.5,146.0,8.8,0.3,51.0,25.72,PBS,7.4,10.0,NaCl,140,none,0.0,none,0.0,none,0.0,1.3,1.1,1.52,1.52,1.3030148135792754,1.2424562535130548,1.2655298778205604
503,F504,Nivolumab,mAb_IgG4,3.5,146.0,8.8,0.3,240.0,25.29,Histidine,6.0,15.0,none,0,none,0.0,none,0.0,none,0.0,1.3,1.1,26.91,23.17895406,21.294294701937304,17.06656418528116,6.072965624060352
504,F504,Nivolumab,mAb_IgG4,3.5,146.0,8.8,0.3,215.0,25.29,Histidine,6.0,15.0,NaCl,70,Sucrose,0.2,tween-80,0.05,Lysine,25.0,1.3,1.1,23.2,19.6,16.4,13.4,6.7
